TradingDate,TradingPeriod,PointOfConnection,DollarsPerMegawattHour,TradingEnd
2023-06-01,43,OTA2201,1.71,2023-06-01 21:30:00
2023-06-01,33,OTA2201,0.03,2023-06-01 16:30:00
2023-06-01,7,OTA2201,0.09,2023-06-01 03:30:00
2023-06-01,23,BEN2201,0.02,2023-06-01 11:30:00
2023-06-01,47,BEN2201,0.02,2023-06-01 23:30:00
2023-06-01,33,BEN2201,0.02,2023-06-01 16:30:00
2023-06-01,26,OTA2201,0.02,2023-06-01 13:00:00
2023-06-01,16,BEN2201,111.98,2023-06-01 08:00:00
2023-06-01,45,BEN2201,0.25,2023-06-01 22:30:00
2023-06-01,21,OTA2201,4.53,2023-06-01 10:30:00
2023-06-01,44,BEN2201,0.89,2023-06-01 22:00:00
2023-06-01,48,OTA2201,0.02,2023-06-02 00:00:00
2023-06-01,38,BEN2201,3.0,2023-06-01 19:00:00
2023-06-01,25,BEN2201,0.27,2023-06-01 12:30:00
2023-06-01,18,OTA2201,18.4,2023-06-01 09:00:00
2023-06-01,5,BEN2201,0.01,2023-06-01 02:30:00
2023-06-01,3,BEN2201,0.01,2023-06-01 01:30:00
2023-06-01,6,BEN2201,0.01,2023-06-01 03:00:00
2023-06-01,37,OTA2201,3.97,2023-06-01 18:30:00
2023-06-01,4,BEN2201,0.02,2023-06-01 02:00:00
2023-06-01,12,OTA2201,7.3,2023-06-01 06:00:00
2023-06-01,14,OTA2201,5.88,2023-06-01 07:00:00
2023-06-01,24,OTA2201,0.58,2023-06-01 12:00:00
2023-06-01,42,OTA2201,2.12,2023-06-01 21:00:00
2023-06-01,18,BEN2201,14.47,2023-06-01 09:00:00
2023-06-01,35,OTA2201,2.71,2023-06-01 17:30:00
2023-06-01,46,OTA2201,0.02,2023-06-01 23:00:00
2023-06-01,12,BEN2201,4.74,2023-06-01 06:00:00
2023-06-01,9,OTA2201,2.34,2023-06-01 04:30:00
2023-06-01,19,BEN2201,54.03,2023-06-01 09:30:00
2023-06-01,36,BEN2201,3.47,2023-06-01 18:00:00
2023-06-01,39,OTA2201,3.71,2023-06-01 19:30:00
2023-06-01,9,BEN2201,0.01,2023-06-01 04:30:00
2023-06-01,10,BEN2201,1.56,2023-06-01 05:00:00
2023-06-01,1,BEN2201,1.49,2023-06-01 00:30:00
2023-06-01,40,BEN2201,2.77,2023-06-01 20:00:00
2023-06-01,26,BEN2201,0.02,2023-06-01 13:00:00
2023-06-01,21,BEN2201,3.02,2023-06-01 10:30:00
2023-06-01,25,OTA2201,0.34,2023-06-01 12:30:00
2023-06-01,31,BEN2201,0.02,2023-06-01 15:30:00
2023-06-01,16,OTA2201,141.09,2023-06-01 08:00:00
2023-06-01,40,OTA2201,3.48,2023-06-01 20:00:00
2023-06-01,8,OTA2201,0.12,2023-06-01 04:00:00
2023-06-01,28,OTA2201,0.02,2023-06-01 14:00:00
2023-06-01,41,BEN2201,2.77,2023-06-01 20:30:00
2023-06-01,4,OTA2201,0.09,2023-06-01 02:00:00
2023-06-01,36,OTA2201,4.59,2023-06-01 18:00:00
2023-06-01,17,OTA2201,148.54,2023-06-01 08:30:00
2023-06-01,27,OTA2201,0.03,2023-06-01 13:30:00
2023-06-01,3,OTA2201,0.01,2023-06-01 01:30:00
2023-06-01,34,BEN2201,1.13,2023-06-01 17:00:00
2023-06-01,48,BEN2201,0.02,2023-06-02 00:00:00
2023-06-01,45,OTA2201,0.32,2023-06-01 22:30:00
2023-06-01,22,BEN2201,0.05,2023-06-01 11:00:00
2023-06-01,29,BEN2201,0.02,2023-06-01 14:30:00
2023-06-01,32,OTA2201,0.03,2023-06-01 16:00:00
2023-06-01,35,BEN2201,2.12,2023-06-01 17:30:00
2023-06-01,20,BEN2201,4.81,2023-06-01 10:00:00
2023-06-01,39,BEN2201,2.92,2023-06-01 19:30:00
2023-06-01,43,BEN2201,1.33,2023-06-01 21:30:00
2023-06-01,15,BEN2201,12.55,2023-06-01 07:30:00
2023-06-01,41,OTA2201,3.48,2023-06-01 20:30:00
2023-06-01,17,BEN2201,117.88,2023-06-01 08:30:00
2023-06-01,24,BEN2201,0.45,2023-06-01 12:00:00
2023-06-01,11,BEN2201,3.77,2023-06-01 05:30:00
2023-06-01,1,OTA2201,1.79,2023-06-01 00:30:00
2023-06-01,34,OTA2201,1.42,2023-06-01 17:00:00
2023-06-01,5,OTA2201,0.01,2023-06-01 02:30:00
2023-06-01,22,OTA2201,0.13,2023-06-01 11:00:00
2023-06-01,14,BEN2201,4.62,2023-06-01 07:00:00
2023-06-01,13,BEN2201,4.51,2023-06-01 06:30:00
2023-06-01,37,BEN2201,3.01,2023-06-01 18:30:00
2023-06-01,19,OTA2201,67.34,2023-06-01 09:30:00
2023-06-01,30,OTA2201,0.02,2023-06-01 15:00:00
2023-06-01,31,OTA2201,0.03,2023-06-01 15:30:00
2023-06-01,32,BEN2201,0.02,2023-06-01 16:00:00
2023-06-01,27,BEN2201,0.02,2023-06-01 13:30:00
2023-06-01,8,BEN2201,0.01,2023-06-01 04:00:00
2023-06-01,20,OTA2201,7.09,2023-06-01 10:00:00
2023-06-01,7,BEN2201,0.01,2023-06-01 03:30:00
2023-06-01,42,BEN2201,1.67,2023-06-01 21:00:00
2023-06-01,11,OTA2201,5.32,2023-06-01 05:30:00
2023-06-01,29,OTA2201,0.03,2023-06-01 14:30:00
2023-06-01,6,OTA2201,0.01,2023-06-01 03:00:00
2023-06-01,23,OTA2201,0.03,2023-06-01 11:30:00
2023-06-01,46,BEN2201,0.01,2023-06-01 23:00:00
2023-06-01,38,OTA2201,3.91,2023-06-01 19:00:00
2023-06-01,2,OTA2201,0.02,2023-06-01 01:00:00
2023-06-01,15,OTA2201,19.2,2023-06-01 07:30:00
2023-06-01,28,BEN2201,0.02,2023-06-01 14:00:00
2023-06-01,13,OTA2201,7.44,2023-06-01 06:30:00
2023-06-01,44,OTA2201,1.13,2023-06-01 22:00:00
2023-06-01,2,BEN2201,0.02,2023-06-01 01:00:00
2023-06-01,30,BEN2201,0.02,2023-06-01 15:00:00
2023-06-01,47,OTA2201,0.03,2023-06-01 23:30:00
2023-06-01,10,OTA2201,2.39,2023-06-01 05:00:00
2023-06-02,40,BEN2201,0.57,2023-06-02 20:00:00
2023-06-02,35,BEN2201,0.05,2023-06-02 17:30:00
2023-06-02,24,OTA2201,0.08,2023-06-02 12:00:00
2023-06-02,21,BEN2201,0.03,2023-06-02 10:30:00
2023-06-02,28,OTA2201,0.02,2023-06-02 14:00:00
2023-06-02,33,BEN2201,0.01,2023-06-02 16:30:00
2023-06-02,9,OTA2201,0.01,2023-06-02 04:30:00
2023-06-02,36,OTA2201,0.16,2023-06-02 18:00:00
2023-06-02,32,OTA2201,0.02,2023-06-02 16:00:00
2023-06-02,9,BEN2201,0.01,2023-06-02 04:30:00
2023-06-02,18,OTA2201,2.68,2023-06-02 09:00:00
2023-06-02,16,OTA2201,3.78,2023-06-02 08:00:00
2023-06-02,40,OTA2201,0.72,2023-06-02 20:00:00
2023-06-02,17,BEN2201,3.01,2023-06-02 08:30:00
2023-06-02,10,BEN2201,0.01,2023-06-02 05:00:00
2023-06-02,4,BEN2201,0.01,2023-06-02 02:00:00
2023-06-02,11,BEN2201,0.01,2023-06-02 05:30:00
2023-06-02,14,BEN2201,1.06,2023-06-02 07:00:00
2023-06-02,16,BEN2201,3.01,2023-06-02 08:00:00
2023-06-02,25,OTA2201,0.05,2023-06-02 12:30:00
2023-06-02,48,BEN2201,0.01,2023-06-03 00:00:00
2023-06-02,21,OTA2201,0.04,2023-06-02 10:30:00
2023-06-02,26,BEN2201,0.02,2023-06-02 13:00:00
2023-06-02,35,OTA2201,0.08,2023-06-02 17:30:00
2023-06-02,22,OTA2201,1.44,2023-06-02 11:00:00
2023-06-02,27,OTA2201,0.02,2023-06-02 13:30:00
2023-06-02,6,BEN2201,0.01,2023-06-02 03:00:00
2023-06-02,19,BEN2201,2.69,2023-06-02 09:30:00
2023-06-02,5,OTA2201,0.01,2023-06-02 02:30:00
2023-06-02,3,BEN2201,0.01,2023-06-02 01:30:00
2023-06-02,4,OTA2201,0.01,2023-06-02 02:00:00
2023-06-02,46,OTA2201,0.59,2023-06-02 23:00:00
2023-06-02,1,BEN2201,0.01,2023-06-02 00:30:00
2023-06-02,30,BEN2201,0.01,2023-06-02 15:00:00
2023-06-02,3,OTA2201,0.01,2023-06-02 01:30:00
2023-06-02,6,OTA2201,0.01,2023-06-02 03:00:00
2023-06-02,34,BEN2201,0.02,2023-06-02 17:00:00
2023-06-02,44,OTA2201,0.21,2023-06-02 22:00:00
2023-06-02,31,BEN2201,0.01,2023-06-02 15:30:00
2023-06-02,43,OTA2201,0.46,2023-06-02 21:30:00
2023-06-02,39,BEN2201,0.87,2023-06-02 19:30:00
2023-06-02,15,BEN2201,2.18,2023-06-02 07:30:00
2023-06-02,37,BEN2201,0.24,2023-06-02 18:30:00
2023-06-02,31,OTA2201,0.02,2023-06-02 15:30:00
2023-06-02,7,BEN2201,0.01,2023-06-02 03:30:00
2023-06-02,47,OTA2201,0.02,2023-06-02 23:30:00
2023-06-02,41,BEN2201,0.22,2023-06-02 20:30:00
2023-06-02,45,BEN2201,0.69,2023-06-02 22:30:00
2023-06-02,27,BEN2201,0.02,2023-06-02 13:30:00
2023-06-02,45,OTA2201,0.84,2023-06-02 22:30:00
2023-06-02,12,BEN2201,0.01,2023-06-02 06:00:00
2023-06-02,39,OTA2201,1.33,2023-06-02 19:30:00
2023-06-02,38,OTA2201,1.63,2023-06-02 19:00:00
2023-06-02,14,OTA2201,1.33,2023-06-02 07:00:00
2023-06-02,20,BEN2201,1.83,2023-06-02 10:00:00
2023-06-02,38,BEN2201,1.0,2023-06-02 19:00:00
2023-06-02,7,OTA2201,0.01,2023-06-02 03:30:00
2023-06-02,5,BEN2201,0.01,2023-06-02 02:30:00
2023-06-02,37,OTA2201,0.36,2023-06-02 18:30:00
2023-06-02,11,OTA2201,0.02,2023-06-02 05:30:00
2023-06-02,42,BEN2201,0.02,2023-06-02 21:00:00
2023-06-02,34,OTA2201,0.02,2023-06-02 17:00:00
2023-06-02,2,BEN2201,0.01,2023-06-02 01:00:00
2023-06-02,13,OTA2201,2.22,2023-06-02 06:30:00
2023-06-02,23,OTA2201,1.3,2023-06-02 11:30:00
2023-06-02,48,OTA2201,0.01,2023-06-03 00:00:00
2023-06-02,26,OTA2201,0.02,2023-06-02 13:00:00
2023-06-02,42,OTA2201,0.02,2023-06-02 21:00:00
2023-06-02,24,BEN2201,0.06,2023-06-02 12:00:00
2023-06-02,12,OTA2201,0.05,2023-06-02 06:00:00
2023-06-02,8,BEN2201,0.01,2023-06-02 04:00:00
2023-06-02,19,OTA2201,3.4,2023-06-02 09:30:00
2023-06-02,28,BEN2201,0.02,2023-06-02 14:00:00
2023-06-02,33,OTA2201,0.02,2023-06-02 16:30:00
2023-06-02,23,BEN2201,0.97,2023-06-02 11:30:00
2023-06-02,43,BEN2201,0.38,2023-06-02 21:30:00
2023-06-02,13,BEN2201,1.8,2023-06-02 06:30:00
2023-06-02,22,BEN2201,1.11,2023-06-02 11:00:00
2023-06-02,46,BEN2201,0.5,2023-06-02 23:00:00
2023-06-02,18,BEN2201,2.13,2023-06-02 09:00:00
2023-06-02,8,OTA2201,0.01,2023-06-02 04:00:00
2023-06-02,41,OTA2201,0.27,2023-06-02 20:30:00
2023-06-02,29,BEN2201,0.01,2023-06-02 14:30:00
2023-06-02,20,OTA2201,2.31,2023-06-02 10:00:00
2023-06-02,36,BEN2201,0.1,2023-06-02 18:00:00
2023-06-02,44,BEN2201,0.17,2023-06-02 22:00:00
2023-06-02,25,BEN2201,0.04,2023-06-02 12:30:00
2023-06-02,15,OTA2201,2.77,2023-06-02 07:30:00
2023-06-02,17,OTA2201,3.79,2023-06-02 08:30:00
2023-06-02,47,BEN2201,0.02,2023-06-02 23:30:00
2023-06-02,1,OTA2201,0.01,2023-06-02 00:30:00
2023-06-02,32,BEN2201,0.01,2023-06-02 16:00:00
2023-06-02,30,OTA2201,0.02,2023-06-02 15:00:00
2023-06-02,29,OTA2201,0.02,2023-06-02 14:30:00
2023-06-02,2,OTA2201,0.01,2023-06-02 01:00:00
2023-06-02,10,OTA2201,0.01,2023-06-02 05:00:00
2023-06-03,20,OTA2201,0.12,2023-06-03 10:00:00
2023-06-03,9,OTA2201,0.01,2023-06-03 04:30:00
2023-06-03,7,BEN2201,0.01,2023-06-03 03:30:00
2023-06-03,7,OTA2201,0.01,2023-06-03 03:30:00
2023-06-03,8,OTA2201,0.01,2023-06-03 04:00:00
2023-06-03,48,OTA2201,1.25,2023-06-04 00:00:00
2023-06-03,15,BEN2201,0.08,2023-06-03 07:30:00
2023-06-03,39,OTA2201,7.92,2023-06-03 19:30:00
2023-06-03,43,BEN2201,1.0,2023-06-03 21:30:00
2023-06-03,1,OTA2201,0.01,2023-06-03 00:30:00
2023-06-03,38,OTA2201,27.69,2023-06-03 19:00:00
2023-06-03,16,BEN2201,0.23,2023-06-03 08:00:00
2023-06-03,25,BEN2201,0.1,2023-06-03 12:30:00
2023-06-03,29,OTA2201,0.02,2023-06-03 14:30:00
2023-06-03,3,OTA2201,0.01,2023-06-03 01:30:00
2023-06-03,29,BEN2201,0.01,2023-06-03 14:30:00
2023-06-03,32,BEN2201,0.05,2023-06-03 16:00:00
2023-06-03,37,BEN2201,1.01,2023-06-03 18:30:00
2023-06-03,37,OTA2201,145.52,2023-06-03 18:30:00
2023-06-03,17,OTA2201,0.23,2023-06-03 08:30:00
2023-06-03,16,OTA2201,0.27,2023-06-03 08:00:00
2023-06-03,44,OTA2201,3.03,2023-06-03 22:00:00
2023-06-03,47,OTA2201,1.98,2023-06-03 23:30:00
2023-06-03,18,OTA2201,0.14,2023-06-03 09:00:00
2023-06-03,32,OTA2201,0.07,2023-06-03 16:00:00
2023-06-03,2,OTA2201,0.01,2023-06-03 01:00:00
2023-06-03,21,BEN2201,0.09,2023-06-03 10:30:00
2023-06-03,10,BEN2201,0.01,2023-06-03 05:00:00
2023-06-03,35,OTA2201,4.34,2023-06-03 17:30:00
2023-06-03,26,BEN2201,0.1,2023-06-03 13:00:00
2023-06-03,13,OTA2201,0.01,2023-06-03 06:30:00
2023-06-03,12,BEN2201,0.01,2023-06-03 06:00:00
2023-06-03,44,BEN2201,1.0,2023-06-03 22:00:00
2023-06-03,12,OTA2201,0.01,2023-06-03 06:00:00
2023-06-03,23,OTA2201,0.12,2023-06-03 11:30:00
2023-06-03,36,BEN2201,3.71,2023-06-03 18:00:00
2023-06-03,46,OTA2201,1.36,2023-06-03 23:00:00
2023-06-03,18,BEN2201,0.1,2023-06-03 09:00:00
2023-06-03,11,BEN2201,0.01,2023-06-03 05:30:00
2023-06-03,23,BEN2201,0.09,2023-06-03 11:30:00
2023-06-03,31,BEN2201,0.02,2023-06-03 15:30:00
2023-06-03,30,OTA2201,0.02,2023-06-03 15:00:00
2023-06-03,47,BEN2201,1.0,2023-06-03 23:30:00
2023-06-03,42,OTA2201,2.42,2023-06-03 21:00:00
2023-06-03,22,OTA2201,0.02,2023-06-03 11:00:00
2023-06-03,30,BEN2201,0.01,2023-06-03 15:00:00
2023-06-03,34,BEN2201,0.09,2023-06-03 17:00:00
2023-06-03,6,OTA2201,0.01,2023-06-03 03:00:00
2023-06-03,6,BEN2201,0.01,2023-06-03 03:00:00
2023-06-03,25,OTA2201,0.12,2023-06-03 12:30:00
2023-06-03,19,BEN2201,0.1,2023-06-03 09:30:00
2023-06-03,33,OTA2201,0.31,2023-06-03 16:30:00
2023-06-03,24,OTA2201,0.05,2023-06-03 12:00:00
2023-06-03,28,BEN2201,0.01,2023-06-03 14:00:00
2023-06-03,39,BEN2201,1.0,2023-06-03 19:30:00
2023-06-03,4,OTA2201,0.01,2023-06-03 02:00:00
2023-06-03,11,OTA2201,0.01,2023-06-03 05:30:00
2023-06-03,36,OTA2201,120.48,2023-06-03 18:00:00
2023-06-03,15,OTA2201,0.11,2023-06-03 07:30:00
2023-06-03,10,OTA2201,0.01,2023-06-03 05:00:00
2023-06-03,40,BEN2201,1.0,2023-06-03 20:00:00
2023-06-03,46,BEN2201,1.0,2023-06-03 23:00:00
2023-06-03,19,OTA2201,0.13,2023-06-03 09:30:00
2023-06-03,45,OTA2201,1.55,2023-06-03 22:30:00
2023-06-03,4,BEN2201,0.01,2023-06-03 02:00:00
2023-06-03,48,BEN2201,0.79,2023-06-04 00:00:00
2023-06-03,34,OTA2201,0.32,2023-06-03 17:00:00
2023-06-03,31,OTA2201,0.02,2023-06-03 15:30:00
2023-06-03,14,BEN2201,0.01,2023-06-03 07:00:00
2023-06-03,28,OTA2201,0.02,2023-06-03 14:00:00
2023-06-03,41,OTA2201,2.65,2023-06-03 20:30:00
2023-06-03,8,BEN2201,0.01,2023-06-03 04:00:00
2023-06-03,5,OTA2201,0.01,2023-06-03 02:30:00
2023-06-03,43,OTA2201,2.19,2023-06-03 21:30:00
2023-06-03,21,OTA2201,0.1,2023-06-03 10:30:00
2023-06-03,33,BEN2201,0.18,2023-06-03 16:30:00
2023-06-03,24,BEN2201,0.04,2023-06-03 12:00:00
2023-06-03,41,BEN2201,1.0,2023-06-03 20:30:00
2023-06-03,40,OTA2201,3.7,2023-06-03 20:00:00
2023-06-03,45,BEN2201,1.0,2023-06-03 22:30:00
2023-06-03,42,BEN2201,1.0,2023-06-03 21:00:00
2023-06-03,2,BEN2201,0.01,2023-06-03 01:00:00
2023-06-03,9,BEN2201,0.01,2023-06-03 04:30:00
2023-06-03,1,BEN2201,0.01,2023-06-03 00:30:00
2023-06-03,17,BEN2201,0.18,2023-06-03 08:30:00
2023-06-03,13,BEN2201,0.01,2023-06-03 06:30:00
2023-06-03,22,BEN2201,0.02,2023-06-03 11:00:00
2023-06-03,5,BEN2201,0.01,2023-06-03 02:30:00
2023-06-03,26,OTA2201,0.13,2023-06-03 13:00:00
2023-06-03,14,OTA2201,0.01,2023-06-03 07:00:00
2023-06-03,27,BEN2201,0.09,2023-06-03 13:30:00
2023-06-03,35,BEN2201,0.71,2023-06-03 17:30:00
2023-06-03,20,BEN2201,0.1,2023-06-03 10:00:00
2023-06-03,38,BEN2201,1.0,2023-06-03 19:00:00
2023-06-03,3,BEN2201,0.01,2023-06-03 01:30:00
2023-06-03,27,OTA2201,0.11,2023-06-03 13:30:00
2023-06-04,24,BEN2201,0.02,2023-06-04 12:00:00
2023-06-04,42,BEN2201,1.01,2023-06-04 21:00:00
2023-06-04,2,BEN2201,0.01,2023-06-04 01:00:00
2023-06-04,15,OTA2201,0.02,2023-06-04 07:30:00
2023-06-04,34,BEN2201,2.27,2023-06-04 17:00:00
2023-06-04,3,BEN2201,0.01,2023-06-04 01:30:00
2023-06-04,36,OTA2201,11.49,2023-06-04 18:00:00
2023-06-04,29,BEN2201,0.97,2023-06-04 14:30:00
2023-06-04,8,OTA2201,0.01,2023-06-04 04:00:00
2023-06-04,32,OTA2201,9.83,2023-06-04 16:00:00
2023-06-04,18,BEN2201,0.09,2023-06-04 09:00:00
2023-06-04,33,OTA2201,8.01,2023-06-04 16:30:00
2023-06-04,3,OTA2201,0.47,2023-06-04 01:30:00
2023-06-04,12,BEN2201,0.01,2023-06-04 06:00:00
2023-06-04,45,OTA2201,8.32,2023-06-04 22:30:00
2023-06-04,37,BEN2201,1.01,2023-06-04 18:30:00
2023-06-04,8,BEN2201,0.01,2023-06-04 04:00:00
2023-06-04,30,BEN2201,1.0,2023-06-04 15:00:00
2023-06-04,17,OTA2201,0.04,2023-06-04 08:30:00
2023-06-04,33,BEN2201,1.01,2023-06-04 16:30:00
2023-06-04,34,OTA2201,9.12,2023-06-04 17:00:00
2023-06-04,27,OTA2201,0.45,2023-06-04 13:30:00
2023-06-04,32,BEN2201,1.01,2023-06-04 16:00:00
2023-06-04,36,BEN2201,2.33,2023-06-04 18:00:00
2023-06-04,19,OTA2201,0.14,2023-06-04 09:30:00
2023-06-04,19,BEN2201,0.1,2023-06-04 09:30:00
2023-06-04,28,OTA2201,0.52,2023-06-04 14:00:00
2023-06-04,45,BEN2201,1.0,2023-06-04 22:30:00
2023-06-04,14,BEN2201,0.01,2023-06-04 07:00:00
2023-06-04,31,BEN2201,1.0,2023-06-04 15:30:00
2023-06-04,2,OTA2201,0.29,2023-06-04 01:00:00
2023-06-04,47,BEN2201,1.0,2023-06-04 23:30:00
2023-06-04,26,BEN2201,0.02,2023-06-04 13:00:00
2023-06-04,47,OTA2201,5.45,2023-06-04 23:30:00
2023-06-04,9,BEN2201,0.01,2023-06-04 04:30:00
2023-06-04,39,OTA2201,5.35,2023-06-04 19:30:00
2023-06-04,40,BEN2201,1.0,2023-06-04 20:00:00
2023-06-04,13,OTA2201,0.02,2023-06-04 06:30:00
2023-06-04,27,BEN2201,0.36,2023-06-04 13:30:00
2023-06-04,22,OTA2201,0.11,2023-06-04 11:00:00
2023-06-04,43,BEN2201,1.01,2023-06-04 21:30:00
2023-06-04,4,BEN2201,0.01,2023-06-04 02:00:00
2023-06-04,12,OTA2201,0.02,2023-06-04 06:00:00
2023-06-04,39,BEN2201,1.0,2023-06-04 19:30:00
2023-06-04,23,OTA2201,0.04,2023-06-04 11:30:00
2023-06-04,38,BEN2201,1.01,2023-06-04 19:00:00
2023-06-04,25,BEN2201,0.02,2023-06-04 12:30:00
2023-06-04,21,OTA2201,0.13,2023-06-04 10:30:00
2023-06-04,24,OTA2201,0.02,2023-06-04 12:00:00
2023-06-04,7,OTA2201,0.02,2023-06-04 03:30:00
2023-06-04,25,OTA2201,0.02,2023-06-04 12:30:00
2023-06-04,22,BEN2201,0.09,2023-06-04 11:00:00
2023-06-04,30,OTA2201,4.85,2023-06-04 15:00:00
2023-06-04,14,OTA2201,0.02,2023-06-04 07:00:00
2023-06-04,37,OTA2201,9.43,2023-06-04 18:30:00
2023-06-04,11,OTA2201,0.01,2023-06-04 05:30:00
2023-06-04,17,BEN2201,0.03,2023-06-04 08:30:00
2023-06-04,38,OTA2201,9.9,2023-06-04 19:00:00
2023-06-04,42,OTA2201,9.22,2023-06-04 21:00:00
2023-06-04,1,OTA2201,0.71,2023-06-04 00:30:00
2023-06-04,26,OTA2201,0.03,2023-06-04 13:00:00
2023-06-04,43,OTA2201,9.86,2023-06-04 21:30:00
2023-06-04,6,BEN2201,0.01,2023-06-04 03:00:00
2023-06-04,16,BEN2201,0.09,2023-06-04 08:00:00
2023-06-04,20,OTA2201,0.14,2023-06-04 10:00:00
2023-06-04,48,OTA2201,3.04,2023-06-05 00:00:00
2023-06-04,1,BEN2201,0.43,2023-06-04 00:30:00
2023-06-04,10,BEN2201,0.01,2023-06-04 05:00:00
2023-06-04,9,OTA2201,0.01,2023-06-04 04:30:00
2023-06-04,40,OTA2201,3.7,2023-06-04 20:00:00
2023-06-04,11,BEN2201,0.01,2023-06-04 05:30:00
2023-06-04,29,OTA2201,1.8,2023-06-04 14:30:00
2023-06-04,41,BEN2201,1.0,2023-06-04 20:30:00
2023-06-04,7,BEN2201,0.01,2023-06-04 03:30:00
2023-06-04,5,BEN2201,0.01,2023-06-04 02:30:00
2023-06-04,5,OTA2201,0.12,2023-06-04 02:30:00
2023-06-04,21,BEN2201,0.1,2023-06-04 10:30:00
2023-06-04,41,OTA2201,8.16,2023-06-04 20:30:00
2023-06-04,6,OTA2201,0.02,2023-06-04 03:00:00
2023-06-04,28,BEN2201,0.41,2023-06-04 14:00:00
2023-06-04,35,BEN2201,1.36,2023-06-04 17:30:00
2023-06-04,44,OTA2201,9.78,2023-06-04 22:00:00
2023-06-04,35,OTA2201,66.83,2023-06-04 17:30:00
2023-06-04,10,OTA2201,0.01,2023-06-04 05:00:00
2023-06-04,4,OTA2201,0.24,2023-06-04 02:00:00
2023-06-04,13,BEN2201,0.01,2023-06-04 06:30:00
2023-06-04,46,BEN2201,1.0,2023-06-04 23:00:00
2023-06-04,46,OTA2201,4.49,2023-06-04 23:00:00
2023-06-04,15,BEN2201,0.01,2023-06-04 07:30:00
2023-06-04,31,OTA2201,7.29,2023-06-04 15:30:00
2023-06-04,23,BEN2201,0.04,2023-06-04 11:30:00
2023-06-04,48,BEN2201,0.82,2023-06-05 00:00:00
2023-06-04,16,OTA2201,0.11,2023-06-04 08:00:00
2023-06-04,44,BEN2201,1.01,2023-06-04 22:00:00
2023-06-04,18,OTA2201,0.13,2023-06-04 09:00:00
2023-06-04,20,BEN2201,0.1,2023-06-04 10:00:00
2023-06-05,3,BEN2201,0.01,2023-06-05 01:30:00
2023-06-05,20,BEN2201,0.06,2023-06-05 10:00:00
2023-06-05,10,OTA2201,0.01,2023-06-05 05:00:00
2023-06-05,13,BEN2201,0.01,2023-06-05 06:30:00
2023-06-05,13,OTA2201,0.01,2023-06-05 06:30:00
2023-06-05,31,BEN2201,1.0,2023-06-05 15:30:00
2023-06-05,31,OTA2201,1.48,2023-06-05 15:30:00
2023-06-05,43,BEN2201,1.0,2023-06-05 21:30:00
2023-06-05,17,OTA2201,0.02,2023-06-05 08:30:00
2023-06-05,36,OTA2201,30.91,2023-06-05 18:00:00
2023-06-05,12,BEN2201,0.01,2023-06-05 06:00:00
2023-06-05,48,BEN2201,0.01,2023-06-06 00:00:00
2023-06-05,3,OTA2201,1.4,2023-06-05 01:30:00
2023-06-05,11,OTA2201,0.01,2023-06-05 05:30:00
2023-06-05,47,OTA2201,0.03,2023-06-05 23:30:00
2023-06-05,45,OTA2201,0.92,2023-06-05 22:30:00
2023-06-05,27,BEN2201,0.98,2023-06-05 13:30:00
2023-06-05,40,OTA2201,1.78,2023-06-05 20:00:00
2023-06-05,16,BEN2201,0.01,2023-06-05 08:00:00
2023-06-05,24,OTA2201,0.13,2023-06-05 12:00:00
2023-06-05,30,BEN2201,1.0,2023-06-05 15:00:00
2023-06-05,32,OTA2201,1.83,2023-06-05 16:00:00
2023-06-05,11,BEN2201,0.01,2023-06-05 05:30:00
2023-06-05,15,OTA2201,0.02,2023-06-05 07:30:00
2023-06-05,12,OTA2201,0.01,2023-06-05 06:00:00
2023-06-05,1,OTA2201,1.79,2023-06-05 00:30:00
2023-06-05,7,BEN2201,0.01,2023-06-05 03:30:00
2023-06-05,32,BEN2201,1.0,2023-06-05 16:00:00
2023-06-05,37,BEN2201,5.7,2023-06-05 18:30:00
2023-06-05,29,OTA2201,1.88,2023-06-05 14:30:00
2023-06-05,4,BEN2201,0.01,2023-06-05 02:00:00
2023-06-05,18,BEN2201,0.02,2023-06-05 09:00:00
2023-06-05,28,BEN2201,0.99,2023-06-05 14:00:00
2023-06-05,9,BEN2201,0.01,2023-06-05 04:30:00
2023-06-05,29,BEN2201,1.0,2023-06-05 14:30:00
2023-06-05,21,OTA2201,0.12,2023-06-05 10:30:00
2023-06-05,18,OTA2201,0.02,2023-06-05 09:00:00
2023-06-05,39,BEN2201,1.01,2023-06-05 19:30:00
2023-06-05,6,OTA2201,0.01,2023-06-05 03:00:00
2023-06-05,17,BEN2201,0.01,2023-06-05 08:30:00
2023-06-05,21,BEN2201,0.1,2023-06-05 10:30:00
2023-06-05,7,OTA2201,0.01,2023-06-05 03:30:00
2023-06-05,22,OTA2201,0.12,2023-06-05 11:00:00
2023-06-05,14,OTA2201,0.01,2023-06-05 07:00:00
2023-06-05,5,OTA2201,0.01,2023-06-05 02:30:00
2023-06-05,37,OTA2201,25.9,2023-06-05 18:30:00
2023-06-05,23,BEN2201,0.1,2023-06-05 11:30:00
2023-06-05,23,OTA2201,0.12,2023-06-05 11:30:00
2023-06-05,47,BEN2201,0.02,2023-06-05 23:30:00
2023-06-05,40,BEN2201,1.0,2023-06-05 20:00:00
2023-06-05,10,BEN2201,0.01,2023-06-05 05:00:00
2023-06-05,4,OTA2201,0.37,2023-06-05 02:00:00
2023-06-05,41,BEN2201,1.0,2023-06-05 20:30:00
2023-06-05,33,BEN2201,1.0,2023-06-05 16:30:00
2023-06-05,14,BEN2201,0.01,2023-06-05 07:00:00
2023-06-05,48,OTA2201,0.01,2023-06-06 00:00:00
2023-06-05,24,BEN2201,0.1,2023-06-05 12:00:00
2023-06-05,27,OTA2201,1.32,2023-06-05 13:30:00
2023-06-05,6,BEN2201,0.01,2023-06-05 03:00:00
2023-06-05,46,BEN2201,0.07,2023-06-05 23:00:00
2023-06-05,8,BEN2201,0.01,2023-06-05 04:00:00
2023-06-05,41,OTA2201,1.86,2023-06-05 20:30:00
2023-06-05,8,OTA2201,0.01,2023-06-05 04:00:00
2023-06-05,46,OTA2201,0.09,2023-06-05 23:00:00
2023-06-05,2,BEN2201,0.01,2023-06-05 01:00:00
2023-06-05,35,OTA2201,3.31,2023-06-05 17:30:00
2023-06-05,30,OTA2201,1.63,2023-06-05 15:00:00
2023-06-05,34,OTA2201,2.03,2023-06-05 17:00:00
2023-06-05,38,BEN2201,3.77,2023-06-05 19:00:00
2023-06-05,19,OTA2201,0.03,2023-06-05 09:30:00
2023-06-05,44,BEN2201,0.74,2023-06-05 22:00:00
2023-06-05,42,OTA2201,1.31,2023-06-05 21:00:00
2023-06-05,34,BEN2201,1.0,2023-06-05 17:00:00
2023-06-05,42,BEN2201,1.0,2023-06-05 21:00:00
2023-06-05,1,BEN2201,0.7,2023-06-05 00:30:00
2023-06-05,45,BEN2201,0.73,2023-06-05 22:30:00
2023-06-05,33,OTA2201,1.09,2023-06-05 16:30:00
2023-06-05,44,OTA2201,0.95,2023-06-05 22:00:00
2023-06-05,43,OTA2201,1.31,2023-06-05 21:30:00
2023-06-05,2,OTA2201,2.2,2023-06-05 01:00:00
2023-06-05,39,OTA2201,3.16,2023-06-05 19:30:00
2023-06-05,22,BEN2201,0.1,2023-06-05 11:00:00
2023-06-05,28,OTA2201,1.35,2023-06-05 14:00:00
2023-06-05,15,BEN2201,0.01,2023-06-05 07:30:00
2023-06-05,36,BEN2201,15.01,2023-06-05 18:00:00
2023-06-05,19,BEN2201,0.02,2023-06-05 09:30:00
2023-06-05,20,OTA2201,0.08,2023-06-05 10:00:00
2023-06-05,5,BEN2201,0.01,2023-06-05 02:30:00
2023-06-05,38,OTA2201,6.06,2023-06-05 19:00:00
2023-06-05,9,OTA2201,0.01,2023-06-05 04:30:00
2023-06-05,26,BEN2201,0.6,2023-06-05 13:00:00
2023-06-05,26,OTA2201,0.8,2023-06-05 13:00:00
2023-06-05,35,BEN2201,2.36,2023-06-05 17:30:00
2023-06-05,25,OTA2201,0.26,2023-06-05 12:30:00
2023-06-05,16,OTA2201,0.01,2023-06-05 08:00:00
2023-06-05,25,BEN2201,0.2,2023-06-05 12:30:00
2023-06-07,24,BEN2201,2.95,2023-06-07 12:00:00
2023-06-07,24,OTA2201,3.79,2023-06-07 12:00:00
2023-06-07,25,OTA2201,1.56,2023-06-07 12:30:00
2023-06-07,37,OTA2201,102.58,2023-06-07 18:30:00
2023-06-07,47,OTA2201,1.22,2023-06-07 23:30:00
2023-06-07,29,BEN2201,0.1,2023-06-07 14:30:00
2023-06-07,36,OTA2201,400.94,2023-06-07 18:00:00
2023-06-07,19,OTA2201,13.17,2023-06-07 09:30:00
2023-06-07,20,BEN2201,39.68,2023-06-07 10:00:00
2023-06-07,31,OTA2201,0.36,2023-06-07 15:30:00
2023-06-07,20,OTA2201,48.36,2023-06-07 10:00:00
2023-06-07,21,BEN2201,11.88,2023-06-07 10:30:00
2023-06-07,16,BEN2201,25.94,2023-06-07 08:00:00
2023-06-07,17,OTA2201,47.83,2023-06-07 08:30:00
2023-06-07,27,BEN2201,0.1,2023-06-07 13:30:00
2023-06-07,40,BEN2201,79.44,2023-06-07 20:00:00
2023-06-07,8,BEN2201,0.01,2023-06-07 04:00:00
2023-06-07,38,OTA2201,93.38,2023-06-07 19:00:00
2023-06-07,13,OTA2201,2.52,2023-06-07 06:30:00
2023-06-07,8,OTA2201,0.02,2023-06-07 04:00:00
2023-06-07,43,BEN2201,59.8,2023-06-07 21:30:00
2023-06-07,32,BEN2201,0.14,2023-06-07 16:00:00
2023-06-07,16,OTA2201,34.1,2023-06-07 08:00:00
2023-06-07,34,OTA2201,3.35,2023-06-07 17:00:00
2023-06-07,12,BEN2201,0.71,2023-06-07 06:00:00
2023-06-07,34,BEN2201,2.69,2023-06-07 17:00:00
2023-06-07,32,OTA2201,0.42,2023-06-07 16:00:00
2023-06-07,48,BEN2201,1.0,2023-06-08 00:00:00
2023-06-07,47,BEN2201,1.0,2023-06-07 23:30:00
2023-06-07,33,BEN2201,2.07,2023-06-07 16:30:00
2023-06-07,46,OTA2201,1.58,2023-06-07 23:00:00
2023-06-07,19,BEN2201,10.33,2023-06-07 09:30:00
2023-06-07,12,OTA2201,0.83,2023-06-07 06:00:00
2023-06-07,41,BEN2201,147.53,2023-06-07 20:30:00
2023-06-07,1,BEN2201,0.69,2023-06-07 00:30:00
2023-06-07,21,OTA2201,14.77,2023-06-07 10:30:00
2023-06-07,5,BEN2201,0.01,2023-06-07 02:30:00
2023-06-07,33,OTA2201,2.8,2023-06-07 16:30:00
2023-06-07,40,OTA2201,103.48,2023-06-07 20:00:00
2023-06-07,11,BEN2201,0.9,2023-06-07 05:30:00
2023-06-07,5,OTA2201,0.03,2023-06-07 02:30:00
2023-06-07,38,BEN2201,74.03,2023-06-07 19:00:00
2023-06-07,17,BEN2201,36.8,2023-06-07 08:30:00
2023-06-07,26,BEN2201,0.1,2023-06-07 13:00:00
2023-06-07,22,BEN2201,7.17,2023-06-07 11:00:00
2023-06-07,4,BEN2201,0.01,2023-06-07 02:00:00
2023-06-07,42,BEN2201,43.9,2023-06-07 21:00:00
2023-06-07,23,BEN2201,5.45,2023-06-07 11:30:00
2023-06-07,36,BEN2201,317.69,2023-06-07 18:00:00
2023-06-07,29,OTA2201,0.28,2023-06-07 14:30:00
2023-06-07,7,BEN2201,0.01,2023-06-07 03:30:00
2023-06-07,10,BEN2201,0.5,2023-06-07 05:00:00
2023-06-07,28,BEN2201,0.1,2023-06-07 14:00:00
2023-06-07,22,OTA2201,8.87,2023-06-07 11:00:00
2023-06-07,44,BEN2201,2.79,2023-06-07 22:00:00
2023-06-07,4,OTA2201,0.02,2023-06-07 02:00:00
2023-06-07,2,BEN2201,0.33,2023-06-07 01:00:00
2023-06-07,6,OTA2201,0.02,2023-06-07 03:00:00
2023-06-07,35,OTA2201,4.72,2023-06-07 17:30:00
2023-06-07,14,OTA2201,14.68,2023-06-07 07:00:00
2023-06-07,23,OTA2201,6.93,2023-06-07 11:30:00
2023-06-07,18,OTA2201,31.86,2023-06-07 09:00:00
2023-06-07,39,OTA2201,13.78,2023-06-07 19:30:00
2023-06-07,10,OTA2201,0.59,2023-06-07 05:00:00
2023-06-07,39,BEN2201,10.88,2023-06-07 19:30:00
2023-06-07,9,OTA2201,0.28,2023-06-07 04:30:00
2023-06-07,43,OTA2201,98.64,2023-06-07 21:30:00
2023-06-07,31,BEN2201,0.1,2023-06-07 15:30:00
2023-06-07,45,BEN2201,2.61,2023-06-07 22:30:00
2023-06-07,42,OTA2201,67.49,2023-06-07 21:00:00
2023-06-07,37,BEN2201,80.78,2023-06-07 18:30:00
2023-06-07,30,OTA2201,0.2,2023-06-07 15:00:00
2023-06-07,41,OTA2201,196.53,2023-06-07 20:30:00
2023-06-07,30,BEN2201,0.1,2023-06-07 15:00:00
2023-06-07,35,BEN2201,3.82,2023-06-07 17:30:00
2023-06-07,27,OTA2201,0.51,2023-06-07 13:30:00
2023-06-07,1,OTA2201,0.82,2023-06-07 00:30:00
2023-06-07,15,BEN2201,13.88,2023-06-07 07:30:00
2023-06-07,3,OTA2201,0.06,2023-06-07 01:30:00
2023-06-07,26,OTA2201,1.57,2023-06-07 13:00:00
2023-06-07,11,OTA2201,1.06,2023-06-07 05:30:00
2023-06-07,45,OTA2201,3.52,2023-06-07 22:30:00
2023-06-07,3,BEN2201,0.05,2023-06-07 01:30:00
2023-06-07,14,BEN2201,11.47,2023-06-07 07:00:00
2023-06-07,18,BEN2201,24.64,2023-06-07 09:00:00
2023-06-07,9,BEN2201,0.18,2023-06-07 04:30:00
2023-06-07,7,OTA2201,0.02,2023-06-07 03:30:00
2023-06-07,44,OTA2201,10.61,2023-06-07 22:00:00
2023-06-07,48,OTA2201,4.75,2023-06-08 00:00:00
2023-06-07,28,OTA2201,0.48,2023-06-07 14:00:00
2023-06-07,15,OTA2201,17.54,2023-06-07 07:30:00
2023-06-07,6,BEN2201,0.01,2023-06-07 03:00:00
2023-06-07,46,BEN2201,1.3,2023-06-07 23:00:00
2023-06-07,25,BEN2201,1.06,2023-06-07 12:30:00
2023-06-07,13,BEN2201,1.61,2023-06-07 06:30:00
2023-06-07,2,OTA2201,0.4,2023-06-07 01:00:00
2023-06-08,17,OTA2201,122.66,2023-06-08 08:30:00
2023-06-08,29,BEN2201,2.9,2023-06-08 14:30:00
2023-06-08,7,OTA2201,0.43,2023-06-08 03:30:00
2023-06-08,4,BEN2201,0.62,2023-06-08 02:00:00
2023-06-08,12,OTA2201,1.65,2023-06-08 06:00:00
2023-06-08,43,OTA2201,25.23,2023-06-08 21:30:00
2023-06-08,22,BEN2201,21.76,2023-06-08 11:00:00
2023-06-08,28,OTA2201,10.32,2023-06-08 14:00:00
2023-06-08,19,BEN2201,37.01,2023-06-08 09:30:00
2023-06-08,25,OTA2201,4.7,2023-06-08 12:30:00
2023-06-08,1,OTA2201,4.81,2023-06-08 00:30:00
2023-06-08,36,OTA2201,1150.04,2023-06-08 18:00:00
2023-06-08,3,BEN2201,1.0,2023-06-08 01:30:00
2023-06-08,45,OTA2201,6.82,2023-06-08 22:30:00
2023-06-08,30,BEN2201,0.2,2023-06-08 15:00:00
2023-06-08,11,OTA2201,4.35,2023-06-08 05:30:00
2023-06-08,18,OTA2201,31.28,2023-06-08 09:00:00
2023-06-08,35,OTA2201,46.24,2023-06-08 17:30:00
2023-06-08,37,OTA2201,218.28,2023-06-08 18:30:00
2023-06-08,31,OTA2201,1.55,2023-06-08 15:30:00
2023-06-08,22,OTA2201,26.2,2023-06-08 11:00:00
2023-06-08,16,OTA2201,95.49,2023-06-08 08:00:00
2023-06-08,14,BEN2201,2.81,2023-06-08 07:00:00
2023-06-08,12,BEN2201,1.0,2023-06-08 06:00:00
2023-06-08,39,OTA2201,144.38,2023-06-08 19:30:00
2023-06-08,20,BEN2201,75.8,2023-06-08 10:00:00
2023-06-08,20,OTA2201,91.0,2023-06-08 10:00:00
2023-06-08,32,OTA2201,2.26,2023-06-08 16:00:00
2023-06-08,42,BEN2201,27.09,2023-06-08 21:00:00
2023-06-08,15,OTA2201,79.6,2023-06-08 07:30:00
2023-06-08,26,OTA2201,10.42,2023-06-08 13:00:00
2023-06-08,32,BEN2201,0.6,2023-06-08 16:00:00
2023-06-08,3,OTA2201,1.34,2023-06-08 01:30:00
2023-06-08,40,OTA2201,154.18,2023-06-08 20:00:00
2023-06-08,21,BEN2201,56.42,2023-06-08 10:30:00
2023-06-08,18,BEN2201,25.77,2023-06-08 09:00:00
2023-06-08,33,OTA2201,8.69,2023-06-08 16:30:00
2023-06-08,38,OTA2201,168.72,2023-06-08 19:00:00
2023-06-08,1,BEN2201,1.7,2023-06-08 00:30:00
2023-06-08,44,BEN2201,11.55,2023-06-08 22:00:00
2023-06-08,41,OTA2201,104.54,2023-06-08 20:30:00
2023-06-08,17,BEN2201,100.19,2023-06-08 08:30:00
2023-06-08,39,BEN2201,113.14,2023-06-08 19:30:00
2023-06-08,6,OTA2201,0.25,2023-06-08 03:00:00
2023-06-08,8,OTA2201,0.51,2023-06-08 04:00:00
2023-06-08,15,BEN2201,65.2,2023-06-08 07:30:00
2023-06-08,26,BEN2201,6.07,2023-06-08 13:00:00
2023-06-08,5,BEN2201,0.02,2023-06-08 02:30:00
2023-06-08,19,OTA2201,44.58,2023-06-08 09:30:00
2023-06-08,13,BEN2201,1.35,2023-06-08 06:30:00
2023-06-08,16,BEN2201,78.41,2023-06-08 08:00:00
2023-06-08,10,OTA2201,1.95,2023-06-08 05:00:00
2023-06-08,2,BEN2201,1.0,2023-06-08 01:00:00
2023-06-08,35,BEN2201,37.75,2023-06-08 17:30:00
2023-06-08,8,BEN2201,0.44,2023-06-08 04:00:00
2023-06-08,24,OTA2201,5.31,2023-06-08 12:00:00
2023-06-08,44,OTA2201,19.82,2023-06-08 22:00:00
2023-06-08,33,BEN2201,5.64,2023-06-08 16:30:00
2023-06-08,25,BEN2201,3.73,2023-06-08 12:30:00
2023-06-08,40,BEN2201,118.56,2023-06-08 20:00:00
2023-06-08,46,BEN2201,3.04,2023-06-08 23:00:00
2023-06-08,34,OTA2201,14.22,2023-06-08 17:00:00
2023-06-08,13,OTA2201,1.68,2023-06-08 06:30:00
2023-06-08,37,BEN2201,177.49,2023-06-08 18:30:00
2023-06-08,41,BEN2201,73.88,2023-06-08 20:30:00
2023-06-08,43,BEN2201,16.13,2023-06-08 21:30:00
2023-06-08,21,OTA2201,67.27,2023-06-08 10:30:00
2023-06-08,29,OTA2201,7.17,2023-06-08 14:30:00
2023-06-08,46,OTA2201,6.06,2023-06-08 23:00:00
2023-06-08,45,BEN2201,5.26,2023-06-08 22:30:00
2023-06-08,48,OTA2201,4.96,2023-06-09 00:00:00
2023-06-08,36,BEN2201,919.84,2023-06-08 18:00:00
2023-06-08,28,BEN2201,2.92,2023-06-08 14:00:00
2023-06-08,30,OTA2201,3.68,2023-06-08 15:00:00
2023-06-08,10,BEN2201,1.0,2023-06-08 05:00:00
2023-06-08,31,BEN2201,0.22,2023-06-08 15:30:00
2023-06-08,5,OTA2201,0.02,2023-06-08 02:30:00
2023-06-08,47,BEN2201,3.03,2023-06-08 23:30:00
2023-06-08,9,OTA2201,0.82,2023-06-08 04:30:00
2023-06-08,34,BEN2201,11.37,2023-06-08 17:00:00
2023-06-08,38,BEN2201,133.58,2023-06-08 19:00:00
2023-06-08,27,OTA2201,14.08,2023-06-08 13:30:00
2023-06-08,7,BEN2201,0.36,2023-06-08 03:30:00
2023-06-08,14,OTA2201,3.59,2023-06-08 07:00:00
2023-06-08,6,BEN2201,0.21,2023-06-08 03:00:00
2023-06-08,4,OTA2201,0.71,2023-06-08 02:00:00
2023-06-08,27,BEN2201,5.13,2023-06-08 13:30:00
2023-06-08,48,BEN2201,1.0,2023-06-09 00:00:00
2023-06-08,11,BEN2201,1.0,2023-06-08 05:30:00
2023-06-08,9,BEN2201,0.72,2023-06-08 04:30:00
2023-06-08,24,BEN2201,4.23,2023-06-08 12:00:00
2023-06-08,2,OTA2201,2.57,2023-06-08 01:00:00
2023-06-08,23,BEN2201,8.96,2023-06-08 11:30:00
2023-06-08,42,OTA2201,45.92,2023-06-08 21:00:00
2023-06-08,47,OTA2201,4.12,2023-06-08 23:30:00
2023-06-08,23,OTA2201,10.99,2023-06-08 11:30:00
2023-06-09,7,BEN2201,0.15,2023-06-09 03:30:00
2023-06-09,22,BEN2201,123.79,2023-06-09 11:00:00
2023-06-09,33,BEN2201,0.35,2023-06-09 16:30:00
2023-06-09,34,BEN2201,3.41,2023-06-09 17:00:00
2023-06-09,4,BEN2201,1.0,2023-06-09 02:00:00
2023-06-09,1,BEN2201,1.0,2023-06-09 00:30:00
2023-06-09,13,BEN2201,2.14,2023-06-09 06:30:00
2023-06-09,47,BEN2201,4.61,2023-06-09 23:30:00
2023-06-09,5,BEN2201,0.52,2023-06-09 02:30:00
2023-06-09,14,OTA2201,10.9,2023-06-09 07:00:00
2023-06-09,25,BEN2201,37.26,2023-06-09 12:30:00
2023-06-09,40,BEN2201,10.73,2023-06-09 20:00:00
2023-06-09,5,OTA2201,0.63,2023-06-09 02:30:00
2023-06-09,23,BEN2201,29.99,2023-06-09 11:30:00
2023-06-09,19,OTA2201,139.32,2023-06-09 09:30:00
2023-06-09,17,BEN2201,375.45,2023-06-09 08:30:00
2023-06-09,37,BEN2201,116.33,2023-06-09 18:30:00
2023-06-09,16,OTA2201,630.25,2023-06-09 08:00:00
2023-06-09,30,OTA2201,3.51,2023-06-09 15:00:00
2023-06-09,31,OTA2201,3.59,2023-06-09 15:30:00
2023-06-09,13,OTA2201,4.1,2023-06-09 06:30:00
2023-06-09,43,OTA2201,31.5,2023-06-09 21:30:00
2023-06-09,10,BEN2201,1.0,2023-06-09 05:00:00
2023-06-09,16,BEN2201,1914.95,2023-06-09 08:00:00
2023-06-09,36,BEN2201,107.74,2023-06-09 18:00:00
2023-06-09,31,BEN2201,0.2,2023-06-09 15:30:00
2023-06-09,12,BEN2201,1.0,2023-06-09 06:00:00
2023-06-09,39,OTA2201,40.49,2023-06-09 19:30:00
2023-06-09,3,BEN2201,1.0,2023-06-09 01:30:00
2023-06-09,24,OTA2201,23.43,2023-06-09 12:00:00
2023-06-09,8,OTA2201,1.12,2023-06-09 04:00:00
2023-06-09,46,OTA2201,3.71,2023-06-09 23:00:00
2023-06-09,1,OTA2201,4.53,2023-06-09 00:30:00
2023-06-09,28,OTA2201,8.65,2023-06-09 14:00:00
2023-06-09,45,BEN2201,5.02,2023-06-09 22:30:00
2023-06-09,46,BEN2201,1.68,2023-06-09 23:00:00
2023-06-09,11,BEN2201,1.0,2023-06-09 05:30:00
2023-06-09,28,BEN2201,5.17,2023-06-09 14:00:00
2023-06-09,18,BEN2201,99.41,2023-06-09 09:00:00
2023-06-09,6,OTA2201,0.06,2023-06-09 03:00:00
2023-06-09,42,BEN2201,4.89,2023-06-09 21:00:00
2023-06-09,27,OTA2201,9.26,2023-06-09 13:30:00
2023-06-09,48,OTA2201,11.03,2023-06-10 00:00:00
2023-06-09,30,BEN2201,0.46,2023-06-09 15:00:00
2023-06-09,9,BEN2201,0.94,2023-06-09 04:30:00
2023-06-09,29,OTA2201,5.79,2023-06-09 14:30:00
2023-06-09,33,OTA2201,1.48,2023-06-09 16:30:00
2023-06-09,37,OTA2201,147.46,2023-06-09 18:30:00
2023-06-09,18,OTA2201,119.78,2023-06-09 09:00:00
2023-06-09,6,BEN2201,0.02,2023-06-09 03:00:00
2023-06-09,24,BEN2201,18.25,2023-06-09 12:00:00
2023-06-09,15,BEN2201,77.98,2023-06-09 07:30:00
2023-06-09,21,BEN2201,289.95,2023-06-09 10:30:00
2023-06-09,27,BEN2201,5.99,2023-06-09 13:30:00
2023-06-09,48,BEN2201,3.1,2023-06-10 00:00:00
2023-06-09,38,OTA2201,71.98,2023-06-09 19:00:00
2023-06-09,25,OTA2201,46.36,2023-06-09 12:30:00
2023-06-09,21,OTA2201,335.38,2023-06-09 10:30:00
2023-06-09,9,OTA2201,1.24,2023-06-09 04:30:00
2023-06-09,15,OTA2201,101.04,2023-06-09 07:30:00
2023-06-09,38,BEN2201,50.84,2023-06-09 19:00:00
2023-06-09,41,BEN2201,6.4,2023-06-09 20:30:00
2023-06-09,36,OTA2201,137.99,2023-06-09 18:00:00
2023-06-09,41,OTA2201,14.4,2023-06-09 20:30:00
2023-06-09,32,OTA2201,1.31,2023-06-09 16:00:00
2023-06-09,2,OTA2201,5.13,2023-06-09 01:00:00
2023-06-09,2,BEN2201,1.0,2023-06-09 01:00:00
2023-06-09,47,OTA2201,7.52,2023-06-09 23:30:00
2023-06-09,17,OTA2201,460.97,2023-06-09 08:30:00
2023-06-09,39,BEN2201,25.61,2023-06-09 19:30:00
2023-06-09,14,BEN2201,6.52,2023-06-09 07:00:00
2023-06-09,10,OTA2201,2.17,2023-06-09 05:00:00
2023-06-09,12,OTA2201,2.15,2023-06-09 06:00:00
2023-06-09,20,OTA2201,78.22,2023-06-09 10:00:00
2023-06-09,34,OTA2201,4.61,2023-06-09 17:00:00
2023-06-09,8,BEN2201,0.79,2023-06-09 04:00:00
2023-06-09,11,OTA2201,4.26,2023-06-09 05:30:00
2023-06-09,32,BEN2201,0.51,2023-06-09 16:00:00
2023-06-09,44,BEN2201,10.6,2023-06-09 22:00:00
2023-06-09,7,OTA2201,0.3,2023-06-09 03:30:00
2023-06-09,20,BEN2201,65.52,2023-06-09 10:00:00
2023-06-09,26,BEN2201,7.13,2023-06-09 13:00:00
2023-06-09,4,OTA2201,2.11,2023-06-09 02:00:00
2023-06-09,45,OTA2201,7.77,2023-06-09 22:30:00
2023-06-09,22,OTA2201,144.94,2023-06-09 11:00:00
2023-06-09,3,OTA2201,3.71,2023-06-09 01:30:00
2023-06-09,26,OTA2201,9.23,2023-06-09 13:00:00
2023-06-09,43,BEN2201,18.23,2023-06-09 21:30:00
2023-06-09,29,BEN2201,2.83,2023-06-09 14:30:00
2023-06-09,35,BEN2201,14.58,2023-06-09 17:30:00
2023-06-09,19,BEN2201,116.1,2023-06-09 09:30:00
2023-06-09,42,OTA2201,12.03,2023-06-09 21:00:00
2023-06-09,35,OTA2201,19.64,2023-06-09 17:30:00
2023-06-09,40,OTA2201,22.07,2023-06-09 20:00:00
2023-06-09,44,OTA2201,24.02,2023-06-09 22:00:00
2023-06-09,23,OTA2201,37.85,2023-06-09 11:30:00
2023-06-10,36,OTA2201,136.38,2023-06-10 18:00:00
2023-06-10,9,BEN2201,0.7,2023-06-10 04:30:00
2023-06-10,38,BEN2201,4.72,2023-06-10 19:00:00
2023-06-10,32,OTA2201,1.83,2023-06-10 16:00:00
2023-06-10,4,BEN2201,1.0,2023-06-10 02:00:00
2023-06-10,44,OTA2201,11.92,2023-06-10 22:00:00
2023-06-10,31,OTA2201,1.36,2023-06-10 15:30:00
2023-06-10,5,OTA2201,4.18,2023-06-10 02:30:00
2023-06-10,48,BEN2201,1.0,2023-06-11 00:00:00
2023-06-10,39,BEN2201,2.58,2023-06-10 19:30:00
2023-06-10,32,BEN2201,0.02,2023-06-10 16:00:00
2023-06-10,7,OTA2201,3.63,2023-06-10 03:30:00
2023-06-10,1,BEN2201,2.39,2023-06-10 00:30:00
2023-06-10,6,OTA2201,3.66,2023-06-10 03:00:00
2023-06-10,7,BEN2201,0.1,2023-06-10 03:30:00
2023-06-10,17,BEN2201,4.87,2023-06-10 08:30:00
2023-06-10,40,BEN2201,1.01,2023-06-10 20:00:00
2023-06-10,37,BEN2201,5.64,2023-06-10 18:30:00
2023-06-10,42,BEN2201,1.01,2023-06-10 21:00:00
2023-06-10,34,OTA2201,2.32,2023-06-10 17:00:00
2023-06-10,13,BEN2201,1.0,2023-06-10 06:30:00
2023-06-10,24,OTA2201,2.1,2023-06-10 12:00:00
2023-06-10,37,OTA2201,78.69,2023-06-10 18:30:00
2023-06-10,39,OTA2201,24.51,2023-06-10 19:30:00
2023-06-10,2,BEN2201,1.0,2023-06-10 01:00:00
2023-06-10,21,BEN2201,2.86,2023-06-10 10:30:00
2023-06-10,22,OTA2201,2.31,2023-06-10 11:00:00
2023-06-10,31,BEN2201,0.02,2023-06-10 15:30:00
2023-06-10,34,BEN2201,0.62,2023-06-10 17:00:00
2023-06-10,43,OTA2201,15.89,2023-06-10 21:30:00
2023-06-10,13,OTA2201,3.47,2023-06-10 06:30:00
2023-06-10,1,OTA2201,13.11,2023-06-10 00:30:00
2023-06-10,8,BEN2201,0.09,2023-06-10 04:00:00
2023-06-10,28,OTA2201,3.54,2023-06-10 14:00:00
2023-06-10,33,OTA2201,2.9,2023-06-10 16:30:00
2023-06-10,11,BEN2201,1.0,2023-06-10 05:30:00
2023-06-10,23,BEN2201,0.33,2023-06-10 11:30:00
2023-06-10,23,OTA2201,1.07,2023-06-10 11:30:00
2023-06-10,24,BEN2201,0.2,2023-06-10 12:00:00
2023-06-10,41,OTA2201,17.91,2023-06-10 20:30:00
2023-06-10,33,BEN2201,0.2,2023-06-10 16:30:00
2023-06-10,35,BEN2201,1.34,2023-06-10 17:30:00
2023-06-10,27,OTA2201,2.72,2023-06-10 13:30:00
2023-06-10,43,BEN2201,4.16,2023-06-10 21:30:00
2023-06-10,19,BEN2201,6.19,2023-06-10 09:30:00
2023-06-10,25,BEN2201,0.2,2023-06-10 12:30:00
2023-06-10,9,OTA2201,4.63,2023-06-10 04:30:00
2023-06-10,20,OTA2201,5.93,2023-06-10 10:00:00
2023-06-10,29,BEN2201,0.02,2023-06-10 14:30:00
2023-06-10,12,OTA2201,10.74,2023-06-10 06:00:00
2023-06-10,41,BEN2201,1.57,2023-06-10 20:30:00
2023-06-10,27,BEN2201,0.14,2023-06-10 13:30:00
2023-06-10,8,OTA2201,3.6,2023-06-10 04:00:00
2023-06-10,15,OTA2201,4.21,2023-06-10 07:30:00
2023-06-10,46,OTA2201,9.25,2023-06-10 23:00:00
2023-06-10,26,OTA2201,4.58,2023-06-10 13:00:00
2023-06-10,30,BEN2201,0.02,2023-06-10 15:00:00
2023-06-10,47,BEN2201,1.88,2023-06-10 23:30:00
2023-06-10,46,BEN2201,1.01,2023-06-10 23:00:00
2023-06-10,48,OTA2201,5.24,2023-06-11 00:00:00
2023-06-10,3,BEN2201,1.0,2023-06-10 01:30:00
2023-06-10,45,BEN2201,3.5,2023-06-10 22:30:00
2023-06-10,16,BEN2201,1.65,2023-06-10 08:00:00
2023-06-10,25,OTA2201,5.03,2023-06-10 12:30:00
2023-06-10,44,BEN2201,3.46,2023-06-10 22:00:00
2023-06-10,28,BEN2201,0.02,2023-06-10 14:00:00
2023-06-10,19,OTA2201,10.76,2023-06-10 09:30:00
2023-06-10,35,OTA2201,33.4,2023-06-10 17:30:00
2023-06-10,30,OTA2201,3.59,2023-06-10 15:00:00
2023-06-10,6,BEN2201,0.67,2023-06-10 03:00:00
2023-06-10,15,BEN2201,0.72,2023-06-10 07:30:00
2023-06-10,5,BEN2201,1.0,2023-06-10 02:30:00
2023-06-10,11,OTA2201,10.23,2023-06-10 05:30:00
2023-06-10,18,OTA2201,11.26,2023-06-10 09:00:00
2023-06-10,4,OTA2201,9.48,2023-06-10 02:00:00
2023-06-10,38,OTA2201,80.13,2023-06-10 19:00:00
2023-06-10,3,OTA2201,10.63,2023-06-10 01:30:00
2023-06-10,45,OTA2201,11.01,2023-06-10 22:30:00
2023-06-10,10,BEN2201,1.0,2023-06-10 05:00:00
2023-06-10,36,BEN2201,5.62,2023-06-10 18:00:00
2023-06-10,14,OTA2201,2.07,2023-06-10 07:00:00
2023-06-10,16,OTA2201,5.26,2023-06-10 08:00:00
2023-06-10,2,OTA2201,10.87,2023-06-10 01:00:00
2023-06-10,26,BEN2201,0.2,2023-06-10 13:00:00
2023-06-10,40,OTA2201,56.43,2023-06-10 20:00:00
2023-06-10,20,BEN2201,4.75,2023-06-10 10:00:00
2023-06-10,42,OTA2201,11.21,2023-06-10 21:00:00
2023-06-10,10,OTA2201,8.2,2023-06-10 05:00:00
2023-06-10,29,OTA2201,3.62,2023-06-10 14:30:00
2023-06-10,17,OTA2201,9.59,2023-06-10 08:30:00
2023-06-10,47,OTA2201,8.19,2023-06-10 23:30:00
2023-06-10,22,BEN2201,1.66,2023-06-10 11:00:00
2023-06-10,12,BEN2201,1.0,2023-06-10 06:00:00
2023-06-10,18,BEN2201,6.09,2023-06-10 09:00:00
2023-06-10,14,BEN2201,1.0,2023-06-10 07:00:00
2023-06-10,21,OTA2201,3.61,2023-06-10 10:30:00
2023-06-11,36,OTA2201,15.42,2023-06-11 18:00:00
2023-06-11,15,OTA2201,6.45,2023-06-11 07:30:00
2023-06-11,38,OTA2201,16.09,2023-06-11 19:00:00
2023-06-11,39,BEN2201,4.5,2023-06-11 19:30:00
2023-06-11,25,BEN2201,1.0,2023-06-11 12:30:00
2023-06-11,32,BEN2201,0.48,2023-06-11 16:00:00
2023-06-11,12,BEN2201,1.0,2023-06-11 06:00:00
2023-06-11,3,OTA2201,11.48,2023-06-11 01:30:00
2023-06-11,38,BEN2201,6.85,2023-06-11 19:00:00
2023-06-11,43,OTA2201,9.28,2023-06-11 21:30:00
2023-06-11,2,BEN2201,1.0,2023-06-11 01:00:00
2023-06-11,28,OTA2201,5.63,2023-06-11 14:00:00
2023-06-11,32,OTA2201,1.61,2023-06-11 16:00:00
2023-06-11,40,OTA2201,13.28,2023-06-11 20:00:00
2023-06-11,39,OTA2201,16.01,2023-06-11 19:30:00
2023-06-11,16,BEN2201,1.0,2023-06-11 08:00:00
2023-06-11,5,BEN2201,1.0,2023-06-11 02:30:00
2023-06-11,16,OTA2201,6.21,2023-06-11 08:00:00
2023-06-11,33,BEN2201,0.82,2023-06-11 16:30:00
2023-06-11,45,OTA2201,2.48,2023-06-11 22:30:00
2023-06-11,10,OTA2201,9.86,2023-06-11 05:00:00
2023-06-11,1,OTA2201,11.55,2023-06-11 00:30:00
2023-06-11,43,BEN2201,4.58,2023-06-11 21:30:00
2023-06-11,6,OTA2201,9.9,2023-06-11 03:00:00
2023-06-11,46,BEN2201,1.0,2023-06-11 23:00:00
2023-06-11,19,BEN2201,8.84,2023-06-11 09:30:00
2023-06-11,11,OTA2201,17.02,2023-06-11 05:30:00
2023-06-11,23,OTA2201,7.79,2023-06-11 11:30:00
2023-06-11,46,OTA2201,1.6,2023-06-11 23:00:00
2023-06-11,13,OTA2201,8.51,2023-06-11 06:30:00
2023-06-11,27,BEN2201,0.86,2023-06-11 13:30:00
2023-06-11,17,OTA2201,31.52,2023-06-11 08:30:00
2023-06-11,36,BEN2201,10.47,2023-06-11 18:00:00
2023-06-11,21,BEN2201,2.33,2023-06-11 10:30:00
2023-06-11,20,OTA2201,15.15,2023-06-11 10:00:00
2023-06-11,2,OTA2201,12.67,2023-06-11 01:00:00
2023-06-11,29,BEN2201,0.58,2023-06-11 14:30:00
2023-06-11,40,BEN2201,3.39,2023-06-11 20:00:00
2023-06-11,7,OTA2201,9.72,2023-06-11 03:30:00
2023-06-11,27,OTA2201,8.74,2023-06-11 13:30:00
2023-06-11,47,OTA2201,1.18,2023-06-11 23:30:00
2023-06-11,31,OTA2201,3.65,2023-06-11 15:30:00
2023-06-11,48,BEN2201,1.0,2023-06-12 00:00:00
2023-06-11,37,BEN2201,8.52,2023-06-11 18:30:00
2023-06-11,26,OTA2201,9.63,2023-06-11 13:00:00
2023-06-11,42,OTA2201,9.74,2023-06-11 21:00:00
2023-06-11,28,BEN2201,0.2,2023-06-11 14:00:00
2023-06-11,17,BEN2201,1.01,2023-06-11 08:30:00
2023-06-11,10,BEN2201,1.0,2023-06-11 05:00:00
2023-06-11,47,BEN2201,1.0,2023-06-11 23:30:00
2023-06-11,20,BEN2201,6.06,2023-06-11 10:00:00
2023-06-11,14,BEN2201,1.0,2023-06-11 07:00:00
2023-06-11,41,BEN2201,3.72,2023-06-11 20:30:00
2023-06-11,25,OTA2201,7.94,2023-06-11 12:30:00
2023-06-11,29,OTA2201,6.72,2023-06-11 14:30:00
2023-06-11,30,BEN2201,0.2,2023-06-11 15:00:00
2023-06-11,3,BEN2201,1.0,2023-06-11 01:30:00
2023-06-11,35,BEN2201,4.62,2023-06-11 17:30:00
2023-06-11,22,OTA2201,5.81,2023-06-11 11:00:00
2023-06-11,37,OTA2201,15.94,2023-06-11 18:30:00
2023-06-11,44,BEN2201,1.85,2023-06-11 22:00:00
2023-06-11,1,BEN2201,1.0,2023-06-11 00:30:00
2023-06-11,7,BEN2201,1.0,2023-06-11 03:30:00
2023-06-11,26,BEN2201,1.0,2023-06-11 13:00:00
2023-06-11,30,OTA2201,3.66,2023-06-11 15:00:00
2023-06-11,12,OTA2201,15.48,2023-06-11 06:00:00
2023-06-11,11,BEN2201,1.0,2023-06-11 05:30:00
2023-06-11,34,BEN2201,1.07,2023-06-11 17:00:00
2023-06-11,18,BEN2201,5.66,2023-06-11 09:00:00
2023-06-11,15,BEN2201,1.0,2023-06-11 07:30:00
2023-06-11,9,OTA2201,9.76,2023-06-11 04:30:00
2023-06-11,48,OTA2201,1.12,2023-06-12 00:00:00
2023-06-11,9,BEN2201,1.0,2023-06-11 04:30:00
2023-06-11,13,BEN2201,1.0,2023-06-11 06:30:00
2023-06-11,23,BEN2201,1.01,2023-06-11 11:30:00
2023-06-11,4,OTA2201,11.03,2023-06-11 02:00:00
2023-06-11,31,BEN2201,0.2,2023-06-11 15:30:00
2023-06-11,45,BEN2201,1.0,2023-06-11 22:30:00
2023-06-11,44,OTA2201,4.26,2023-06-11 22:00:00
2023-06-11,4,BEN2201,1.0,2023-06-11 02:00:00
2023-06-11,42,BEN2201,2.16,2023-06-11 21:00:00
2023-06-11,41,OTA2201,12.52,2023-06-11 20:30:00
2023-06-11,8,OTA2201,9.69,2023-06-11 04:00:00
2023-06-11,18,OTA2201,72.3,2023-06-11 09:00:00
2023-06-11,35,OTA2201,6.16,2023-06-11 17:30:00
2023-06-11,34,OTA2201,2.37,2023-06-11 17:00:00
2023-06-11,24,OTA2201,8.64,2023-06-11 12:00:00
2023-06-11,24,BEN2201,1.01,2023-06-11 12:00:00
2023-06-11,22,BEN2201,1.01,2023-06-11 11:00:00
2023-06-11,19,OTA2201,30.76,2023-06-11 09:30:00
2023-06-11,14,OTA2201,6.47,2023-06-11 07:00:00
2023-06-11,21,OTA2201,9.72,2023-06-11 10:30:00
2023-06-11,5,OTA2201,9.98,2023-06-11 02:30:00
2023-06-11,33,OTA2201,1.45,2023-06-11 16:30:00
2023-06-11,8,BEN2201,1.0,2023-06-11 04:00:00
2023-06-11,6,BEN2201,1.0,2023-06-11 03:00:00
2023-06-12,45,OTA2201,28.64,2023-06-12 22:30:00
2023-06-12,32,OTA2201,118.56,2023-06-12 16:00:00
2023-06-12,13,OTA2201,12.75,2023-06-12 06:30:00
2023-06-12,42,BEN2201,8.53,2023-06-12 21:00:00
2023-06-12,27,OTA2201,139.03,2023-06-12 13:30:00
2023-06-12,17,OTA2201,574.73,2023-06-12 08:30:00
2023-06-12,38,OTA2201,12.78,2023-06-12 19:00:00
2023-06-12,48,BEN2201,20.0,2023-06-13 00:00:00
2023-06-12,28,BEN2201,0.2,2023-06-12 14:00:00
2023-06-12,39,BEN2201,1.56,2023-06-12 19:30:00
2023-06-12,40,OTA2201,17.17,2023-06-12 20:00:00
2023-06-12,19,OTA2201,192.08,2023-06-12 09:30:00
2023-06-12,39,OTA2201,5.25,2023-06-12 19:30:00
2023-06-12,44,OTA2201,58.78,2023-06-12 22:00:00
2023-06-12,20,OTA2201,110.75,2023-06-12 10:00:00
2023-06-12,26,OTA2201,75.48,2023-06-12 13:00:00
2023-06-12,23,OTA2201,105.61,2023-06-12 11:30:00
2023-06-12,33,BEN2201,2.57,2023-06-12 16:30:00
2023-06-12,4,BEN2201,4.88,2023-06-12 02:00:00
2023-06-12,15,BEN2201,49.72,2023-06-12 07:30:00
2023-06-12,5,BEN2201,4.27,2023-06-12 02:30:00
2023-06-12,47,OTA2201,27.28,2023-06-12 23:30:00
2023-06-12,28,OTA2201,96.76,2023-06-12 14:00:00
2023-06-12,14,BEN2201,11.24,2023-06-12 07:00:00
2023-06-12,30,OTA2201,12.99,2023-06-12 15:00:00
2023-06-12,1,OTA2201,7.7,2023-06-12 00:30:00
2023-06-12,7,BEN2201,2.75,2023-06-12 03:30:00
2023-06-12,16,BEN2201,774.29,2023-06-12 08:00:00
2023-06-12,3,OTA2201,5.83,2023-06-12 01:30:00
2023-06-12,35,BEN2201,55.96,2023-06-12 17:30:00
2023-06-12,15,OTA2201,68.49,2023-06-12 07:30:00
2023-06-12,19,BEN2201,149.13,2023-06-12 09:30:00
2023-06-12,46,OTA2201,25.18,2023-06-12 23:00:00
2023-06-12,26,BEN2201,0.24,2023-06-12 13:00:00
2023-06-12,34,OTA2201,21.79,2023-06-12 17:00:00
2023-06-12,29,BEN2201,0.2,2023-06-12 14:30:00
2023-06-12,8,OTA2201,5.24,2023-06-12 04:00:00
2023-06-12,31,OTA2201,43.51,2023-06-12 15:30:00
2023-06-12,7,OTA2201,3.12,2023-06-12 03:30:00
2023-06-12,16,OTA2201,1000.11,2023-06-12 08:00:00
2023-06-12,29,OTA2201,70.01,2023-06-12 14:30:00
2023-06-12,9,OTA2201,6.13,2023-06-12 04:30:00
2023-06-12,33,OTA2201,79.37,2023-06-12 16:30:00
2023-06-12,6,OTA2201,5.26,2023-06-12 03:00:00
2023-06-12,18,OTA2201,439.94,2023-06-12 09:00:00
2023-06-12,3,BEN2201,5.22,2023-06-12 01:30:00
2023-06-12,38,BEN2201,5.19,2023-06-12 19:00:00
2023-06-12,31,BEN2201,0.2,2023-06-12 15:30:00
2023-06-12,5,OTA2201,4.76,2023-06-12 02:30:00
2023-06-12,40,BEN2201,6.6,2023-06-12 20:00:00
2023-06-12,41,BEN2201,13.51,2023-06-12 20:30:00
2023-06-12,41,OTA2201,31.24,2023-06-12 20:30:00
2023-06-12,22,BEN2201,3.74,2023-06-12 11:00:00
2023-06-12,37,OTA2201,65.28,2023-06-12 18:30:00
2023-06-12,47,BEN2201,20.01,2023-06-12 23:30:00
2023-06-12,48,OTA2201,27.22,2023-06-13 00:00:00
2023-06-12,9,BEN2201,5.3,2023-06-12 04:30:00
2023-06-12,12,BEN2201,12.36,2023-06-12 06:00:00
2023-06-12,8,BEN2201,4.63,2023-06-12 04:00:00
2023-06-12,25,OTA2201,156.39,2023-06-12 12:30:00
2023-06-12,14,OTA2201,13.82,2023-06-12 07:00:00
2023-06-12,11,OTA2201,33.92,2023-06-12 05:30:00
2023-06-12,6,BEN2201,4.74,2023-06-12 03:00:00
2023-06-12,11,BEN2201,17.91,2023-06-12 05:30:00
2023-06-12,24,OTA2201,216.21,2023-06-12 12:00:00
2023-06-12,1,BEN2201,6.78,2023-06-12 00:30:00
2023-06-12,13,BEN2201,10.7,2023-06-12 06:30:00
2023-06-12,17,BEN2201,443.54,2023-06-12 08:30:00
2023-06-12,32,BEN2201,0.2,2023-06-12 16:00:00
2023-06-12,36,BEN2201,211.68,2023-06-12 18:00:00
2023-06-12,2,OTA2201,6.97,2023-06-12 01:00:00
2023-06-12,30,BEN2201,0.2,2023-06-12 15:00:00
2023-06-12,27,BEN2201,0.2,2023-06-12 13:30:00
2023-06-12,10,OTA2201,11.21,2023-06-12 05:00:00
2023-06-12,43,BEN2201,20.17,2023-06-12 21:30:00
2023-06-12,4,OTA2201,5.41,2023-06-12 02:00:00
2023-06-12,43,OTA2201,86.57,2023-06-12 21:30:00
2023-06-12,37,BEN2201,33.85,2023-06-12 18:30:00
2023-06-12,20,BEN2201,82.72,2023-06-12 10:00:00
2023-06-12,22,OTA2201,10.42,2023-06-12 11:00:00
2023-06-12,35,OTA2201,72.27,2023-06-12 17:30:00
2023-06-12,25,BEN2201,6.15,2023-06-12 12:30:00
2023-06-12,46,BEN2201,20.01,2023-06-12 23:00:00
2023-06-12,12,OTA2201,17.19,2023-06-12 06:00:00
2023-06-12,23,BEN2201,2.96,2023-06-12 11:30:00
2023-06-12,10,BEN2201,8.22,2023-06-12 05:00:00
2023-06-12,21,OTA2201,44.85,2023-06-12 10:30:00
2023-06-12,21,BEN2201,31.34,2023-06-12 10:30:00
2023-06-12,44,BEN2201,20.15,2023-06-12 22:00:00
2023-06-12,2,BEN2201,6.12,2023-06-12 01:00:00
2023-06-12,18,BEN2201,341.05,2023-06-12 09:00:00
2023-06-12,24,BEN2201,6.74,2023-06-12 12:00:00
2023-06-12,42,OTA2201,17.1,2023-06-12 21:00:00
2023-06-12,36,OTA2201,267.82,2023-06-12 18:00:00
2023-06-12,34,BEN2201,14.39,2023-06-12 17:00:00
2023-06-12,45,BEN2201,20.06,2023-06-12 22:30:00
2023-06-13,1,OTA2201,48.96,2023-06-13 00:30:00
2023-06-13,44,BEN2201,89.58,2023-06-13 22:00:00
2023-06-13,31,OTA2201,8.44,2023-06-13 15:30:00
2023-06-13,26,OTA2201,11.19,2023-06-13 13:00:00
2023-06-13,42,BEN2201,38.28,2023-06-13 21:00:00
2023-06-13,10,BEN2201,20.01,2023-06-13 05:00:00
2023-06-13,34,OTA2201,21.71,2023-06-13 17:00:00
2023-06-13,24,OTA2201,76.82,2023-06-13 12:00:00
2023-06-13,8,BEN2201,20.0,2023-06-13 04:00:00
2023-06-13,31,BEN2201,0.2,2023-06-13 15:30:00
2023-06-13,17,OTA2201,228.08,2023-06-13 08:30:00
2023-06-13,45,BEN2201,26.46,2023-06-13 22:30:00
2023-06-13,18,OTA2201,142.85,2023-06-13 09:00:00
2023-06-13,47,BEN2201,20.02,2023-06-13 23:30:00
2023-06-13,12,OTA2201,29.14,2023-06-13 06:00:00
2023-06-13,23,BEN2201,53.78,2023-06-13 11:30:00
2023-06-13,45,OTA2201,33.41,2023-06-13 22:30:00
2023-06-13,2,OTA2201,53.5,2023-06-13 01:00:00
2023-06-13,6,OTA2201,32.09,2023-06-13 03:00:00
2023-06-13,36,OTA2201,2048.24,2023-06-13 18:00:00
2023-06-13,5,OTA2201,63.5,2023-06-13 02:30:00
2023-06-13,21,BEN2201,60.39,2023-06-13 10:30:00
2023-06-13,29,BEN2201,0.2,2023-06-13 14:30:00
2023-06-13,22,OTA2201,67.13,2023-06-13 11:00:00
2023-06-13,33,OTA2201,38.61,2023-06-13 16:30:00
2023-06-13,5,BEN2201,20.0,2023-06-13 02:30:00
2023-06-13,19,OTA2201,75.16,2023-06-13 09:30:00
2023-06-13,9,BEN2201,20.0,2023-06-13 04:30:00
2023-06-13,24,BEN2201,13.23,2023-06-13 12:00:00
2023-06-13,4,OTA2201,71.0,2023-06-13 02:00:00
2023-06-13,47,OTA2201,23.96,2023-06-13 23:30:00
2023-06-13,11,BEN2201,19.38,2023-06-13 05:30:00
2023-06-13,34,BEN2201,13.95,2023-06-13 17:00:00
2023-06-13,3,BEN2201,20.0,2023-06-13 01:30:00
2023-06-13,3,OTA2201,56.33,2023-06-13 01:30:00
2023-06-13,38,OTA2201,181.48,2023-06-13 19:00:00
2023-06-13,38,BEN2201,140.91,2023-06-13 19:00:00
2023-06-13,13,BEN2201,36.26,2023-06-13 06:30:00
2023-06-13,13,OTA2201,49.22,2023-06-13 06:30:00
2023-06-13,30,OTA2201,92.33,2023-06-13 15:00:00
2023-06-13,2,BEN2201,20.0,2023-06-13 01:00:00
2023-06-13,46,OTA2201,24.63,2023-06-13 23:00:00
2023-06-13,41,BEN2201,18.3,2023-06-13 20:30:00
2023-06-13,39,OTA2201,77.11,2023-06-13 19:30:00
2023-06-13,16,BEN2201,1390.07,2023-06-13 08:00:00
2023-06-13,25,OTA2201,65.58,2023-06-13 12:30:00
2023-06-13,11,OTA2201,111.9,2023-06-13 05:30:00
2023-06-13,43,BEN2201,73.49,2023-06-13 21:30:00
2023-06-13,7,OTA2201,31.1,2023-06-13 03:30:00
2023-06-13,37,BEN2201,133.09,2023-06-13 18:30:00
2023-06-13,17,BEN2201,182.76,2023-06-13 08:30:00
2023-06-13,16,OTA2201,1739.11,2023-06-13 08:00:00
2023-06-13,23,OTA2201,96.45,2023-06-13 11:30:00
2023-06-13,27,BEN2201,0.2,2023-06-13 13:30:00
2023-06-13,14,BEN2201,68.37,2023-06-13 07:00:00
2023-06-13,14,OTA2201,87.95,2023-06-13 07:00:00
2023-06-13,10,OTA2201,64.24,2023-06-13 05:00:00
2023-06-13,30,BEN2201,0.2,2023-06-13 15:00:00
2023-06-13,42,OTA2201,61.35,2023-06-13 21:00:00
2023-06-13,20,BEN2201,34.14,2023-06-13 10:00:00
2023-06-13,7,BEN2201,20.0,2023-06-13 03:30:00
2023-06-13,20,OTA2201,42.9,2023-06-13 10:00:00
2023-06-13,41,OTA2201,23.96,2023-06-13 20:30:00
2023-06-13,4,BEN2201,20.0,2023-06-13 02:00:00
2023-06-13,22,BEN2201,45.86,2023-06-13 11:00:00
2023-06-13,36,BEN2201,1601.32,2023-06-13 18:00:00
2023-06-13,29,OTA2201,91.07,2023-06-13 14:30:00
2023-06-13,15,BEN2201,573.47,2023-06-13 07:30:00
2023-06-13,18,BEN2201,114.37,2023-06-13 09:00:00
2023-06-13,40,BEN2201,26.43,2023-06-13 20:00:00
2023-06-13,28,OTA2201,91.03,2023-06-13 14:00:00
2023-06-13,46,BEN2201,20.02,2023-06-13 23:00:00
2023-06-13,19,BEN2201,59.72,2023-06-13 09:30:00
2023-06-13,35,BEN2201,381.05,2023-06-13 17:30:00
2023-06-13,15,OTA2201,725.07,2023-06-13 07:30:00
2023-06-13,48,OTA2201,23.48,2023-06-14 00:00:00
2023-06-13,43,OTA2201,113.94,2023-06-13 21:30:00
2023-06-13,39,BEN2201,59.43,2023-06-13 19:30:00
2023-06-13,9,OTA2201,38.13,2023-06-13 04:30:00
2023-06-13,25,BEN2201,3.6,2023-06-13 12:30:00
2023-06-13,27,OTA2201,94.71,2023-06-13 13:30:00
2023-06-13,33,BEN2201,0.95,2023-06-13 16:30:00
2023-06-13,8,OTA2201,30.99,2023-06-13 04:00:00
2023-06-13,26,BEN2201,0.2,2023-06-13 13:00:00
2023-06-13,32,OTA2201,36.1,2023-06-13 16:00:00
2023-06-13,32,BEN2201,0.2,2023-06-13 16:00:00
2023-06-13,1,BEN2201,20.0,2023-06-13 00:30:00
2023-06-13,44,OTA2201,117.45,2023-06-13 22:00:00
2023-06-13,12,BEN2201,15.17,2023-06-13 06:00:00
2023-06-13,48,BEN2201,20.01,2023-06-14 00:00:00
2023-06-13,28,BEN2201,0.2,2023-06-13 14:00:00
2023-06-13,35,OTA2201,492.13,2023-06-13 17:30:00
2023-06-13,6,BEN2201,20.0,2023-06-13 03:00:00
2023-06-13,21,OTA2201,76.83,2023-06-13 10:30:00
2023-06-13,40,OTA2201,35.71,2023-06-13 20:00:00
2023-06-13,37,OTA2201,171.24,2023-06-13 18:30:00
2023-06-14,48,BEN2201,50.24,2023-06-15 00:00:00
2023-06-14,41,BEN2201,103.29,2023-06-14 20:30:00
2023-06-14,47,BEN2201,50.97,2023-06-14 23:30:00
2023-06-14,12,BEN2201,46.85,2023-06-14 06:00:00
2023-06-14,40,BEN2201,106.79,2023-06-14 20:00:00
2023-06-14,22,BEN2201,25.86,2023-06-14 11:00:00
2023-06-14,36,BEN2201,1099.39,2023-06-14 18:00:00
2023-06-14,37,BEN2201,415.08,2023-06-14 18:30:00
2023-06-14,44,BEN2201,50.31,2023-06-14 22:00:00
2023-06-14,29,BEN2201,44.21,2023-06-14 14:30:00
2023-06-14,4,OTA2201,74.69,2023-06-14 02:00:00
2023-06-14,4,BEN2201,50.05,2023-06-14 02:00:00
2023-06-14,37,OTA2201,517.29,2023-06-14 18:30:00
2023-06-14,1,BEN2201,50.08,2023-06-14 00:30:00
2023-06-14,23,BEN2201,27.62,2023-06-14 11:30:00
2023-06-14,17,OTA2201,3619.73,2023-06-14 08:30:00
2023-06-14,40,OTA2201,149.79,2023-06-14 20:00:00
2023-06-14,47,OTA2201,83.7,2023-06-14 23:30:00
2023-06-14,43,BEN2201,50.95,2023-06-14 21:30:00
2023-06-14,39,OTA2201,190.62,2023-06-14 19:30:00
2023-06-14,26,OTA2201,162.72,2023-06-14 13:00:00
2023-06-14,21,BEN2201,51.92,2023-06-14 10:30:00
2023-06-14,12,OTA2201,56.78,2023-06-14 06:00:00
2023-06-14,5,BEN2201,50.0,2023-06-14 02:30:00
2023-06-14,41,OTA2201,145.0,2023-06-14 20:30:00
2023-06-14,3,BEN2201,50.0,2023-06-14 01:30:00
2023-06-14,45,BEN2201,50.22,2023-06-14 22:30:00
2023-06-14,19,BEN2201,218.6,2023-06-14 09:30:00
2023-06-14,38,OTA2201,284.28,2023-06-14 19:00:00
2023-06-14,23,OTA2201,55.7,2023-06-14 11:30:00
2023-06-14,48,OTA2201,78.08,2023-06-15 00:00:00
2023-06-14,3,OTA2201,71.45,2023-06-14 01:30:00
2023-06-14,24,OTA2201,103.13,2023-06-14 12:00:00
2023-06-14,20,BEN2201,65.77,2023-06-14 10:00:00
2023-06-14,17,BEN2201,2892.48,2023-06-14 08:30:00
2023-06-14,2,OTA2201,78.73,2023-06-14 01:00:00
2023-06-14,15,OTA2201,1285.44,2023-06-14 07:30:00
2023-06-14,32,OTA2201,148.83,2023-06-14 16:00:00
2023-06-14,42,BEN2201,132.36,2023-06-14 21:00:00
2023-06-14,6,BEN2201,50.02,2023-06-14 03:00:00
2023-06-14,27,OTA2201,242.86,2023-06-14 13:30:00
2023-06-14,7,BEN2201,50.06,2023-06-14 03:30:00
2023-06-14,30,OTA2201,255.17,2023-06-14 15:00:00
2023-06-14,25,OTA2201,186.04,2023-06-14 12:30:00
2023-06-14,33,OTA2201,151.68,2023-06-14 16:30:00
2023-06-14,45,OTA2201,87.45,2023-06-14 22:30:00
2023-06-14,24,BEN2201,55.51,2023-06-14 12:00:00
2023-06-14,46,BEN2201,50.35,2023-06-14 23:00:00
2023-06-14,9,OTA2201,69.47,2023-06-14 04:30:00
2023-06-14,33,BEN2201,108.55,2023-06-14 16:30:00
2023-06-14,22,OTA2201,32.85,2023-06-14 11:00:00
2023-06-14,34,OTA2201,81.46,2023-06-14 17:00:00
2023-06-14,14,OTA2201,254.54,2023-06-14 07:00:00
2023-06-14,44,OTA2201,104.52,2023-06-14 22:00:00
2023-06-14,11,BEN2201,49.98,2023-06-14 05:30:00
2023-06-14,9,BEN2201,50.0,2023-06-14 04:30:00
2023-06-14,1,OTA2201,71.36,2023-06-14 00:30:00
2023-06-14,13,BEN2201,84.88,2023-06-14 06:30:00
2023-06-14,11,OTA2201,57.13,2023-06-14 05:30:00
2023-06-14,19,OTA2201,276.91,2023-06-14 09:30:00
2023-06-14,21,OTA2201,65.0,2023-06-14 10:30:00
2023-06-14,31,BEN2201,29.23,2023-06-14 15:30:00
2023-06-14,31,OTA2201,259.82,2023-06-14 15:30:00
2023-06-14,42,OTA2201,190.1,2023-06-14 21:00:00
2023-06-14,10,BEN2201,50.04,2023-06-14 05:00:00
2023-06-14,32,BEN2201,99.92,2023-06-14 16:00:00
2023-06-14,28,OTA2201,141.26,2023-06-14 14:00:00
2023-06-14,36,OTA2201,1365.91,2023-06-14 18:00:00
2023-06-14,26,BEN2201,86.95,2023-06-14 13:00:00
2023-06-14,35,OTA2201,175.63,2023-06-14 17:30:00
2023-06-14,16,OTA2201,2421.62,2023-06-14 08:00:00
2023-06-14,7,OTA2201,74.76,2023-06-14 03:30:00
2023-06-14,18,OTA2201,444.89,2023-06-14 09:00:00
2023-06-14,10,OTA2201,68.86,2023-06-14 05:00:00
2023-06-14,25,BEN2201,129.14,2023-06-14 12:30:00
2023-06-14,18,BEN2201,351.1,2023-06-14 09:00:00
2023-06-14,34,BEN2201,56.87,2023-06-14 17:00:00
2023-06-14,30,BEN2201,29.24,2023-06-14 15:00:00
2023-06-14,39,BEN2201,141.43,2023-06-14 19:30:00
2023-06-14,20,OTA2201,84.69,2023-06-14 10:00:00
2023-06-14,6,OTA2201,79.97,2023-06-14 03:00:00
2023-06-14,13,OTA2201,100.81,2023-06-14 06:30:00
2023-06-14,14,BEN2201,202.29,2023-06-14 07:00:00
2023-06-14,38,BEN2201,224.18,2023-06-14 19:00:00
2023-06-14,43,OTA2201,106.07,2023-06-14 21:30:00
2023-06-14,27,BEN2201,143.73,2023-06-14 13:30:00
2023-06-14,29,OTA2201,115.86,2023-06-14 14:30:00
2023-06-14,8,BEN2201,50.05,2023-06-14 04:00:00
2023-06-14,46,OTA2201,88.54,2023-06-14 23:00:00
2023-06-14,16,BEN2201,1909.18,2023-06-14 08:00:00
2023-06-14,8,OTA2201,72.95,2023-06-14 04:00:00
2023-06-14,15,BEN2201,999.54,2023-06-14 07:30:00
2023-06-14,5,OTA2201,69.14,2023-06-14 02:30:00
2023-06-14,28,BEN2201,81.47,2023-06-14 14:00:00
2023-06-14,2,BEN2201,50.06,2023-06-14 01:00:00
2023-06-14,35,BEN2201,135.81,2023-06-14 17:30:00
2023-06-15,18,OTA2201,2428.21,2023-06-15 09:00:00
2023-06-15,17,BEN2201,3426.63,2023-06-15 08:30:00
2023-06-15,26,BEN2201,97.56,2023-06-15 13:00:00
2023-06-15,11,OTA2201,74.43,2023-06-15 05:30:00
2023-06-15,23,OTA2201,19.56,2023-06-15 11:30:00
2023-06-15,32,BEN2201,29.17,2023-06-15 16:00:00
2023-06-15,4,BEN2201,50.11,2023-06-15 02:00:00
2023-06-15,41,BEN2201,100.24,2023-06-15 20:30:00
2023-06-15,48,OTA2201,85.74,2023-06-16 00:00:00
2023-06-15,42,OTA2201,121.19,2023-06-15 21:00:00
2023-06-15,1,OTA2201,137.63,2023-06-15 00:30:00
2023-06-15,35,BEN2201,111.14,2023-06-15 17:30:00
2023-06-15,47,OTA2201,117.5,2023-06-15 23:30:00
2023-06-15,23,BEN2201,15.22,2023-06-15 11:30:00
2023-06-15,21,BEN2201,80.66,2023-06-15 10:30:00
2023-06-15,2,OTA2201,111.47,2023-06-15 01:00:00
2023-06-15,14,BEN2201,71.97,2023-06-15 07:00:00
2023-06-15,37,OTA2201,196.5,2023-06-15 18:30:00
2023-06-15,29,OTA2201,130.72,2023-06-15 14:30:00
2023-06-15,15,OTA2201,2217.18,2023-06-15 07:30:00
2023-06-15,21,OTA2201,102.5,2023-06-15 10:30:00
2023-06-15,31,BEN2201,116.79,2023-06-15 15:30:00
2023-06-15,37,BEN2201,150.4,2023-06-15 18:30:00
2023-06-15,34,OTA2201,137.88,2023-06-15 17:00:00
2023-06-15,19,BEN2201,1431.4,2023-06-15 09:30:00
2023-06-15,11,BEN2201,50.15,2023-06-15 05:30:00
2023-06-15,46,BEN2201,51.5,2023-06-15 23:00:00
2023-06-15,44,OTA2201,107.08,2023-06-15 22:00:00
2023-06-15,18,BEN2201,1960.45,2023-06-15 09:00:00
2023-06-15,5,OTA2201,67.75,2023-06-15 02:30:00
2023-06-15,10,OTA2201,78.26,2023-06-15 05:00:00
2023-06-15,6,BEN2201,50.0,2023-06-15 03:00:00
2023-06-15,36,BEN2201,185.89,2023-06-15 18:00:00
2023-06-15,15,BEN2201,1776.11,2023-06-15 07:30:00
2023-06-15,3,OTA2201,78.7,2023-06-15 01:30:00
2023-06-15,14,OTA2201,87.05,2023-06-15 07:00:00
2023-06-15,46,OTA2201,90.47,2023-06-15 23:00:00
2023-06-15,25,BEN2201,20.16,2023-06-15 12:30:00
2023-06-15,44,BEN2201,51.66,2023-06-15 22:00:00
2023-06-15,30,OTA2201,132.27,2023-06-15 15:00:00
2023-06-15,4,OTA2201,71.9,2023-06-15 02:00:00
2023-06-15,24,BEN2201,2.79,2023-06-15 12:00:00
2023-06-15,32,OTA2201,152.77,2023-06-15 16:00:00
2023-06-15,5,BEN2201,50.0,2023-06-15 02:30:00
2023-06-15,9,OTA2201,73.36,2023-06-15 04:30:00
2023-06-15,12,OTA2201,76.66,2023-06-15 06:00:00
2023-06-15,36,OTA2201,244.15,2023-06-15 18:00:00
2023-06-15,40,OTA2201,183.56,2023-06-15 20:00:00
2023-06-15,30,BEN2201,100.5,2023-06-15 15:00:00
2023-06-15,42,BEN2201,72.96,2023-06-15 21:00:00
2023-06-15,8,OTA2201,71.88,2023-06-15 04:00:00
2023-06-15,6,OTA2201,68.42,2023-06-15 03:00:00
2023-06-15,22,BEN2201,70.75,2023-06-15 11:00:00
2023-06-15,39,OTA2201,186.27,2023-06-15 19:30:00
2023-06-15,20,OTA2201,259.81,2023-06-15 10:00:00
2023-06-15,33,BEN2201,64.84,2023-06-15 16:30:00
2023-06-15,7,BEN2201,50.0,2023-06-15 03:30:00
2023-06-15,8,BEN2201,50.0,2023-06-15 04:00:00
2023-06-15,39,BEN2201,133.85,2023-06-15 19:30:00
2023-06-15,31,OTA2201,152.5,2023-06-15 15:30:00
2023-06-15,2,BEN2201,50.17,2023-06-15 01:00:00
2023-06-15,38,OTA2201,219.79,2023-06-15 19:00:00
2023-06-15,45,OTA2201,102.8,2023-06-15 22:30:00
2023-06-15,9,BEN2201,50.0,2023-06-15 04:30:00
2023-06-15,29,BEN2201,100.46,2023-06-15 14:30:00
2023-06-15,38,BEN2201,169.7,2023-06-15 19:00:00
2023-06-15,26,OTA2201,124.24,2023-06-15 13:00:00
2023-06-15,45,BEN2201,55.08,2023-06-15 22:30:00
2023-06-15,48,BEN2201,50.21,2023-06-16 00:00:00
2023-06-15,33,OTA2201,135.22,2023-06-15 16:30:00
2023-06-15,16,OTA2201,4411.87,2023-06-15 08:00:00
2023-06-15,12,BEN2201,50.18,2023-06-15 06:00:00
2023-06-15,16,BEN2201,3543.42,2023-06-15 08:00:00
2023-06-15,7,OTA2201,68.9,2023-06-15 03:30:00
2023-06-15,25,OTA2201,27.73,2023-06-15 12:30:00
2023-06-15,41,OTA2201,144.44,2023-06-15 20:30:00
2023-06-15,10,BEN2201,50.07,2023-06-15 05:00:00
2023-06-15,27,BEN2201,96.05,2023-06-15 13:30:00
2023-06-15,24,OTA2201,3.69,2023-06-15 12:00:00
2023-06-15,34,BEN2201,92.36,2023-06-15 17:00:00
2023-06-15,35,OTA2201,148.32,2023-06-15 17:30:00
2023-06-15,1,BEN2201,50.26,2023-06-15 00:30:00
2023-06-15,28,BEN2201,87.28,2023-06-15 14:00:00
2023-06-15,3,BEN2201,50.15,2023-06-15 01:30:00
2023-06-15,20,BEN2201,207.75,2023-06-15 10:00:00
2023-06-15,22,OTA2201,90.91,2023-06-15 11:00:00
2023-06-15,28,OTA2201,113.3,2023-06-15 14:00:00
2023-06-15,47,BEN2201,50.41,2023-06-15 23:30:00
2023-06-15,17,OTA2201,4261.4,2023-06-15 08:30:00
2023-06-15,43,OTA2201,104.51,2023-06-15 21:30:00
2023-06-15,19,OTA2201,1777.68,2023-06-15 09:30:00
2023-06-15,27,OTA2201,123.52,2023-06-15 13:30:00
2023-06-15,13,BEN2201,53.95,2023-06-15 06:30:00
2023-06-15,13,OTA2201,65.33,2023-06-15 06:30:00
2023-06-15,40,BEN2201,129.22,2023-06-15 20:00:00
2023-06-15,43,BEN2201,56.94,2023-06-15 21:30:00
